1,FFT,float32,1024,1024,1024,4,8,NCCL,8,892.5137,183.5171,283.5562,194.7805,29.6103,185.9461
1,IFFT,float32,1024,1024,1024,4,8,NCCL,8,862.1640,416.5978,423.7503,419.8907,2.1238,416.5978
0,FFT,float32,1024,1024,1024,4,8,NCCL,8,892.9210,183.9953,283.5156,194.7723,29.5956,185.7829
0,IFFT,float32,1024,1024,1024,4,8,NCCL,8,862.0606,416.7581,423.2301,419.9060,2.0111,416.7581
20,FFT,float32,1024,1024,1024,4,8,NCCL,8,888.9531,184.1435,291.8921,196.5292,31.8250,186.7953
20,IFFT,float32,1024,1024,1024,4,8,NCCL,8,868.4440,417.0583,420.5040,418.8022,1.0171,417.0583
21,FFT,float32,1024,1024,1024,4,8,NCCL,8,889.1095,183.9345,291.9477,196.4314,31.8804,186.8418
21,IFFT,float32,1024,1024,1024,4,8,NCCL,8,868.4705,417.0644,420.6717,418.9302,1.0572,417.0644
11,FFT,float32,1024,1024,1024,4,8,NCCL,8,901.6040,182.7894,289.4910,195.3102,31.4252,184.0734
11,IFFT,float32,1024,1024,1024,4,8,NCCL,8,874.4353,418.2159,421.4887,420.0213,0.9588,419.9426
31,FFT,float32,1024,1024,1024,4,8,NCCL,8,929.0254,183.7344,291.6575,195.5435,32.0499,184.2998
31,IFFT,float32,1024,1024,1024,4,8,NCCL,8,872.8056,416.6778,421.4203,419.9640,1.2734,420.3450
30,FFT,float32,1024,1024,1024,4,8,NCCL,8,929.1792,183.7836,292.1383,195.5763,32.1989,184.2363
30,IFFT,float32,1024,1024,1024,4,8,NCCL,8,872.7983,416.7147,421.4880,419.9837,1.2654,420.3998
10,FFT,float32,1024,1024,1024,4,8,NCCL,8,930.1991,182.7858,290.1767,195.2856,31.6624,184.0895
10,IFFT,float32,1024,1024,1024,4,8,NCCL,8,874.4539,418.2693,421.4466,420.1126,0.9586,419.8197
12,FFT,float32,1024,1024,1024,4,8,NCCL,8,913.4455,113.0331,289.8888,133.9213,52.0334,114.4572
12,IFFT,float32,1024,1024,1024,4,8,NCCL,8,945.9752,484.9253,491.0399,487.9590,1.9991,484.9253
7,FFT,float32,1024,1024,1024,4,8,NCCL,8,916.8033,113.6779,290.0500,134.3166,51.9493,117.4007
7,IFFT,float32,1024,1024,1024,4,8,NCCL,8,931.0839,483.8197,490.8840,487.6855,2.3141,486.1074
13,FFT,float32,1024,1024,1024,4,8,NCCL,8,913.3126,112.0970,290.0716,133.6713,52.1786,114.4465
13,IFFT,float32,1024,1024,1024,4,8,NCCL,8,945.6819,485.0084,492.5932,488.2649,2.2134,485.0084
18,FFT,float32,1024,1024,1024,4,8,NCCL,8,938.8492,112.7351,291.8330,134.5289,52.4763,115.1610
18,IFFT,float32,1024,1024,1024,4,8,NCCL,8,944.8060,484.0509,490.7486,487.4913,2.0822,484.0509
19,FFT,float32,1024,1024,1024,4,8,NCCL,8,865.1173,111.7237,290.9716,134.1717,52.3153,114.9824
19,IFFT,float32,1024,1024,1024,4,8,NCCL,8,944.7363,484.5189,491.6323,487.8331,2.0636,484.5459
9,FFT,float32,1024,1024,1024,4,8,NCCL,8,900.2216,107.6935,287.6793,127.0825,53.5537,110.1705
9,IFFT,float32,1024,1024,1024,4,8,NCCL,8,950.5595,492.3287,499.2559,495.3874,2.2918,492.3287
25,FFT,float32,1024,1024,1024,4,8,NCCL,8,929.2772,113.3994,286.2589,133.8428,50.8677,116.1412
25,IFFT,float32,1024,1024,1024,4,8,NCCL,8,937.5476,483.6566,491.5081,488.0830,2.3387,487.6519
8,FFT,float32,1024,1024,1024,4,8,NCCL,8,900.4546,104.5126,287.7687,126.6408,53.7420,111.0468
8,IFFT,float32,1024,1024,1024,4,8,NCCL,8,950.2641,492.6637,499.8980,496.3150,1.9310,497.1587
16,FFT,float32,1024,1024,1024,4,8,NCCL,8,865.9156,104.3224,288.8071,124.0094,54.9393,106.5078
16,IFFT,float32,1024,1024,1024,4,8,NCCL,8,949.2244,497.0999,502.7050,499.1401,1.6842,497.0999
22,FFT,float32,1024,1024,1024,4,8,NCCL,8,924.0563,108.4083,292.7969,128.6696,54.7201,109.8590
22,IFFT,float32,1024,1024,1024,4,8,NCCL,8,948.2540,492.2841,495.9180,494.5680,0.9914,495.3834
23,FFT,float32,1024,1024,1024,4,8,NCCL,8,930.9304,108.3490,292.2817,128.1840,54.7117,109.4877
23,IFFT,float32,1024,1024,1024,4,8,NCCL,8,948.8685,493.5105,496.4355,494.9309,0.8200,494.3869
17,FFT,float32,1024,1024,1024,4,8,NCCL,8,872.1471,104.0831,288.4387,124.2337,54.7432,106.8025
17,IFFT,float32,1024,1024,1024,4,8,NCCL,8,949.0492,496.0806,503.1190,498.8018,2.1004,496.0806
24,FFT,float32,1024,1024,1024,4,8,NCCL,8,906.3040,114.0720,286.4118,133.6574,50.9630,116.3816
24,IFFT,float32,1024,1024,1024,4,8,NCCL,8,937.6904,483.5287,491.3605,488.6507,2.0519,491.3605
28,FFT,float32,1024,1024,1024,4,8,NCCL,8,930.4225,107.9805,291.2808,128.3884,54.3150,108.7678
28,IFFT,float32,1024,1024,1024,4,8,NCCL,8,947.1505,491.3881,496.9394,494.7104,1.7455,496.4600
29,FFT,float32,1024,1024,1024,4,8,NCCL,8,930.4117,107.6448,291.3055,127.9166,54.4756,108.6333
29,IFFT,float32,1024,1024,1024,4,8,NCCL,8,947.5561,492.3420,497.0848,495.0708,1.5940,495.0803
4,FFT,float32,1024,1024,1024,4,8,NCCL,8,938.9011,104.6183,289.7061,124.0404,55.2333,106.4472
4,IFFT,float32,1024,1024,1024,4,8,NCCL,8,941.1338,497.1932,502.2775,499.0003,1.3344,497.1932
6,FFT,float32,1024,1024,1024,4,8,NCCL,8,907.8332,113.9208,289.9098,133.9117,52.0398,117.4632
6,IFFT,float32,1024,1024,1024,4,8,NCCL,8,931.2495,484.1606,490.4019,488.4823,1.9925,490.2134
27,FFT,float32,1024,1024,1024,4,8,NCCL,8,928.9878,104.5738,289.3873,124.0850,55.1157,104.5856
27,IFFT,float32,1024,1024,1024,4,8,NCCL,8,952.1024,497.6628,501.1060,499.1469,0.8858,499.3706
3,FFT,float32,1024,1024,1024,4,8,NCCL,8,940.6051,107.8658,286.8166,127.4367,53.1489,111.5982
3,IFFT,float32,1024,1024,1024,4,8,NCCL,8,941.3910,491.2487,498.4820,494.7970,1.9710,491.2487
15,FFT,float32,1024,1024,1024,4,8,NCCL,8,914.5695,104.2551,290.3885,124.0471,55.4527,105.4319
15,IFFT,float32,1024,1024,1024,4,8,NCCL,8,954.5103,498.0888,501.1122,499.2701,0.8863,498.6574
14,FFT,float32,1024,1024,1024,4,8,NCCL,8,930.6680,104.3877,290.8813,124.3350,55.5218,105.5991
14,IFFT,float32,1024,1024,1024,4,8,NCCL,8,954.1998,497.6057,501.0008,498.9839,0.9211,498.3700
26,FFT,float32,1024,1024,1024,4,8,NCCL,8,907.0860,104.6281,288.1020,124.0479,54.7001,104.6444
26,IFFT,float32,1024,1024,1024,4,8,NCCL,8,951.8515,497.5162,501.2692,498.9844,0.9782,499.1016
2,FFT,float32,1024,1024,1024,4,8,NCCL,8,938.7577,104.2028,286.2091,126.7154,53.2103,112.2813
2,IFFT,float32,1024,1024,1024,4,8,NCCL,8,941.0928,493.1200,499.9322,495.8861,1.8806,495.6494
5,FFT,float32,1024,1024,1024,4,8,NCCL,8,869.1434,104.7796,290.6619,124.1922,55.5000,106.5538
5,IFFT,float32,1024,1024,1024,4,8,NCCL,8,941.2672,496.6691,502.0626,498.8753,1.3394,496.6691
4,FFT,float32,1024,1024,1024,8,4,NCCL,8,816.3556,155.2237,259.9699,167.1442,30.9624,156.1306
4,IFFT,float32,1024,1024,1024,8,4,NCCL,8,959.7629,535.0539,543.7359,537.0961,2.3862,537.0959
13,FFT,float32,1024,1024,1024,8,4,NCCL,8,757.3462,155.9084,259.8434,168.4393,30.5081,158.5610
13,IFFT,float32,1024,1024,1024,8,4,NCCL,8,955.5257,533.7852,541.7460,535.9541,2.1869,537.9730
22,FFT,float32,1024,1024,1024,8,4,NCCL,8,813.0981,155.6574,262.2557,167.5039,31.6052,156.8024
22,IFFT,float32,1024,1024,1024,8,4,NCCL,8,959.0205,534.7182,542.5186,537.2067,2.0450,538.7529
9,FFT,float32,1024,1024,1024,8,4,NCCL,8,839.0190,156.9780,260.4006,169.0964,30.4709,157.1680
9,IFFT,float32,1024,1024,1024,8,4,NCCL,8,941.7247,533.0628,540.7991,535.3417,2.4426,539.3341
27,FFT,float32,1024,1024,1024,8,4,NCCL,8,762.5742,155.2907,262.7777,167.2352,31.8658,156.0387
27,IFFT,float32,1024,1024,1024,8,4,NCCL,8,959.1874,534.3127,544.4043,537.4385,2.8409,538.6452
31,FFT,float32,1024,1024,1024,8,4,NCCL,8,784.2195,154.8269,263.1916,167.6237,31.8813,154.8269
31,IFFT,float32,1024,1024,1024,8,4,NCCL,8,958.3681,534.1917,543.4415,537.0895,2.7133,540.0732
0,FFT,float32,1024,1024,1024,8,4,NCCL,8,709.0401,154.4430,256.6101,166.6274,30.0250,154.4430
0,IFFT,float32,1024,1024,1024,8,4,NCCL,8,956.1810,535.0197,543.8287,537.2941,2.4936,538.8614
18,FFT,float32,1024,1024,1024,8,4,NCCL,8,836.3674,155.2763,261.7658,166.9015,31.6379,156.5486
18,IFFT,float32,1024,1024,1024,8,4,NCCL,8,960.3156,534.7283,543.7877,537.7188,2.5044,539.1385
26,FFT,float32,1024,1024,1024,8,4,NCCL,8,766.3139,98.7156,261.9269,116.3261,48.5448,100.1024
26,IFFT,float32,1024,1024,1024,8,4,NCCL,8,1010.0496,587.7065,600.7591,593.1518,3.1272,587.7065
12,FFT,float32,1024,1024,1024,8,4,NCCL,8,746.0936,98.4205,259.4102,116.1594,47.7673,99.6269
12,IFFT,float32,1024,1024,1024,8,4,NCCL,8,1007.7830,587.5456,599.3216,593.1315,2.8673,587.5456
23,FFT,float32,1024,1024,1024,8,4,NCCL,8,790.4585,98.6761,262.2038,116.4347,48.6059,100.0428
23,IFFT,float32,1024,1024,1024,8,4,NCCL,8,1008.2108,587.7031,599.3470,593.1782,2.6994,587.7031
30,FFT,float32,1024,1024,1024,8,4,NCCL,8,784.4005,98.2902,262.6920,116.1956,48.8482,98.2902
30,IFFT,float32,1024,1024,1024,8,4,NCCL,8,1009.0771,589.3903,599.5868,593.4001,2.5164,589.3903
1,FFT,float32,1024,1024,1024,8,4,NCCL,8,707.0644,97.8932,256.7358,115.2986,47.1559,97.8932
1,IFFT,float32,1024,1024,1024,8,4,NCCL,8,1004.6744,590.6880,604.3553,593.9158,3.7580,591.4132
5,FFT,float32,1024,1024,1024,8,4,NCCL,8,779.9623,99.4671,260.7387,117.0034,47.9260,100.1294
5,IFFT,float32,1024,1024,1024,8,4,NCCL,8,1007.7892,587.1192,598.4949,592.3408,2.7734,587.1192
19,FFT,float32,1024,1024,1024,8,4,NCCL,8,816.7857,98.9173,262.6240,116.4896,48.7215,100.4111
19,IFFT,float32,1024,1024,1024,8,4,NCCL,8,1009.2828,587.4241,600.5047,593.0533,3.1555,587.4241
8,FFT,float32,1024,1024,1024,8,4,NCCL,8,838.2653,97.6728,260.1567,115.4458,48.2484,97.7410
8,IFFT,float32,1024,1024,1024,8,4,NCCL,8,993.6708,590.9962,604.6015,594.1729,3.7274,591.5967
3,FFT,float32,1024,1024,1024,8,4,NCCL,8,706.1606,77.7875,257.5124,97.4114,53.3848,78.5127
3,IFFT,float32,1024,1024,1024,8,4,NCCL,8,1032.0338,611.3146,620.5986,614.4091,2.6131,616.8571
24,FFT,float32,1024,1024,1024,8,4,NCCL,8,760.8147,77.8048,261.5079,97.8871,54.5598,80.5185
24,IFFT,float32,1024,1024,1024,8,4,NCCL,8,1037.2206,611.1894,621.1194,614.2870,2.7808,615.0150
6,FFT,float32,1024,1024,1024,8,4,NCCL,8,820.3194,75.8102,260.0767,95.9693,54.7134,79.6183
6,IFFT,float32,1024,1024,1024,8,4,NCCL,8,1036.7857,612.6435,626.4809,616.1645,3.7683,615.6941
7,FFT,float32,1024,1024,1024,8,4,NCCL,8,780.2734,78.0229,260.2150,96.8954,54.4455,80.8282
7,IFFT,float32,1024,1024,1024,8,4,NCCL,8,1035.7771,612.2316,623.2951,615.3271,3.0543,616.4876
16,FFT,float32,1024,1024,1024,8,4,NCCL,8,817.7729,77.6152,261.5867,97.4653,54.7183,79.2109
16,IFFT,float32,1024,1024,1024,8,4,NCCL,8,1038.9486,611.3350,621.5021,614.7418,2.6922,615.1254
21,FFT,float32,1024,1024,1024,8,4,NCCL,8,838.6504,78.6761,262.9466,98.3115,54.9012,78.8794
21,IFFT,float32,1024,1024,1024,8,4,NCCL,8,1037.9553,611.5207,618.0351,614.2377,1.9745,616.4456
10,FFT,float32,1024,1024,1024,8,4,NCCL,8,840.0742,78.4011,261.5276,98.9045,54.2275,78.4011
10,IFFT,float32,1024,1024,1024,8,4,NCCL,8,1022.4506,610.3757,617.7352,613.3767,2.2691,616.8395
11,FFT,float32,1024,1024,1024,8,4,NCCL,8,840.2825,78.4272,260.6875,97.6797,54.3438,78.6478
11,IFFT,float32,1024,1024,1024,8,4,NCCL,8,1021.0780,612.0249,621.3271,614.5899,2.7030,617.5226
15,FFT,float32,1024,1024,1024,8,4,NCCL,8,707.5203,77.2003,259.5597,97.0183,54.1917,80.5833
15,IFFT,float32,1024,1024,1024,8,4,NCCL,8,1034.9533,611.8678,623.3552,615.1813,3.2136,616.2123
29,FFT,float32,1024,1024,1024,8,4,NCCL,8,847.8178,77.9383,262.3696,97.6718,54.9058,79.4117
29,IFFT,float32,1024,1024,1024,8,4,NCCL,8,1036.9348,611.1010,623.0415,614.6668,3.3472,616.9531
28,FFT,float32,1024,1024,1024,8,4,NCCL,8,831.4707,78.3808,262.2299,97.3493,54.9616,79.5684
28,IFFT,float32,1024,1024,1024,8,4,NCCL,8,1037.0241,611.6697,622.8462,615.0565,3.1994,618.0119
2,FFT,float32,1024,1024,1024,8,4,NCCL,8,706.0758,77.5769,257.0418,97.2304,53.2850,77.5769
2,IFFT,float32,1024,1024,1024,8,4,NCCL,8,1033.9773,611.5829,620.5794,614.5405,2.5074,616.8145
25,FFT,float32,1024,1024,1024,8,4,NCCL,8,761.1596,78.1071,261.4886,97.5708,54.6471,80.5014
25,IFFT,float32,1024,1024,1024,8,4,NCCL,8,1037.2770,611.8435,622.1120,614.7389,2.8923,616.0340
17,FFT,float32,1024,1024,1024,8,4,NCCL,8,817.0759,78.3942,261.1683,98.2312,54.3293,79.3803
17,IFFT,float32,1024,1024,1024,8,4,NCCL,8,1038.7428,610.1316,619.3449,613.9846,2.4593,615.5568
20,FFT,float32,1024,1024,1024,8,4,NCCL,8,791.1743,75.5023,262.0602,96.0271,55.3580,79.2481
20,IFFT,float32,1024,1024,1024,8,4,NCCL,8,1037.5542,612.8574,626.7816,616.3553,3.7726,615.8704
14,FFT,float32,1024,1024,1024,8,4,NCCL,8,707.6329,78.0408,260.6385,97.9269,54.2602,79.1491
14,IFFT,float32,1024,1024,1024,8,4,NCCL,8,1036.6118,611.2943,618.7988,614.3784,2.1561,616.2835
16,FFT,float32,1024,1024,1024,1,32,NCCL,8,781.4105,74.8708,200.7691,87.9146,37.6211,75.6966
16,IFFT,float32,1024,1024,1024,1,32,NCCL,8,257.4215,73.3517,74.4736,73.8550,0.3496,73.6777
18,FFT,float32,1024,1024,1024,1,32,NCCL,8,784.6924,74.8305,200.9698,87.9223,37.6854,75.7847
18,IFFT,float32,1024,1024,1024,1,32,NCCL,8,257.1978,73.4474,74.4184,73.8767,0.3391,73.4474
19,FFT,float32,1024,1024,1024,1,32,NCCL,8,877.2662,74.8057,200.8627,87.8964,37.6585,76.0076
19,IFFT,float32,1024,1024,1024,1,32,NCCL,8,257.1368,73.4682,74.4754,73.8979,0.3282,73.4682
20,FFT,float32,1024,1024,1024,1,32,NCCL,8,781.7355,74.3957,202.2276,88.0892,38.0486,75.7423
20,IFFT,float32,1024,1024,1024,1,32,NCCL,8,257.5285,73.5172,74.2745,73.8211,0.2755,73.5867
12,FFT,float32,1024,1024,1024,1,32,NCCL,8,765.0105,74.5318,199.1454,87.7636,37.1297,75.6760
12,IFFT,float32,1024,1024,1024,1,32,NCCL,8,257.0178,73.5181,74.2790,73.8496,0.1965,73.6716
15,FFT,float32,1024,1024,1024,1,32,NCCL,8,762.8492,74.1034,199.0538,87.7138,37.1173,75.7946
15,IFFT,float32,1024,1024,1024,1,32,NCCL,8,257.2525,73.5273,74.4438,73.8937,0.2719,73.7096
17,FFT,float32,1024,1024,1024,1,32,NCCL,8,781.6272,74.6542,200.3763,87.8443,37.5140,75.8722
17,IFFT,float32,1024,1024,1024,1,32,NCCL,8,257.4109,73.3697,74.5076,73.9150,0.3576,73.6560
25,FFT,float32,1024,1024,1024,1,32,NCCL,8,842.4234,74.3742,200.8659,87.8915,37.6614,75.2454
25,IFFT,float32,1024,1024,1024,1,32,NCCL,8,257.1579,73.4980,74.3730,73.8963,0.3162,73.9464
26,FFT,float32,1024,1024,1024,1,32,NCCL,8,841.6391,74.4018,201.3080,87.9252,37.7975,75.9400
26,IFFT,float32,1024,1024,1024,1,32,NCCL,8,257.1391,73.5444,74.3300,73.9024,0.3037,73.5444
8,FFT,float32,1024,1024,1024,1,32,NCCL,8,837.6821,74.7074,199.7119,87.7311,37.3289,75.5905
8,IFFT,float32,1024,1024,1024,1,32,NCCL,8,257.6124,73.5860,74.4724,73.9560,0.3413,74.1334
11,FFT,float32,1024,1024,1024,1,32,NCCL,8,835.3509,74.5201,200.0169,87.8181,37.4021,75.6223
11,IFFT,float32,1024,1024,1024,1,32,NCCL,8,257.7001,73.4931,74.7702,73.9034,0.3707,74.1388
28,FFT,float32,1024,1024,1024,1,32,NCCL,8,873.6200,74.5076,201.0122,88.0102,37.6706,76.0829
28,IFFT,float32,1024,1024,1024,1,32,NCCL,8,257.7123,73.0735,74.3243,73.7814,0.3445,73.0735
31,FFT,float32,1024,1024,1024,1,32,NCCL,8,842.7863,74.8500,200.5906,87.9759,37.5410,75.9878
31,IFFT,float32,1024,1024,1024,1,32,NCCL,8,257.5085,73.3349,74.2355,73.7904,0.2319,73.3349
27,FFT,float32,1024,1024,1024,1,32,NCCL,8,841.8594,74.4472,201.3852,87.9875,37.8022,75.6494
27,IFFT,float32,1024,1024,1024,1,32,NCCL,8,257.0069,73.4320,74.2427,73.8665,0.2587,73.9238
23,FFT,float32,1024,1024,1024,1,32,NCCL,8,786.4808,74.1021,201.4988,87.7080,37.9329,75.3009
23,IFFT,float32,1024,1024,1024,1,32,NCCL,8,257.7124,73.8480,74.5377,74.1909,0.2304,73.9834
9,FFT,float32,1024,1024,1024,1,32,NCCL,8,838.1125,74.2634,199.1976,87.3579,37.2831,75.4272
9,IFFT,float32,1024,1024,1024,1,32,NCCL,8,258.0608,73.8016,74.8837,74.3140,0.4007,74.4814
29,FFT,float32,1024,1024,1024,1,32,NCCL,8,871.3518,74.6897,200.3631,87.9865,37.4621,75.9138
29,IFFT,float32,1024,1024,1024,1,32,NCCL,8,257.5447,72.9306,74.2854,73.6987,0.3246,72.9306
30,FFT,float32,1024,1024,1024,1,32,NCCL,8,842.8481,74.5229,200.5836,88.0059,37.5288,75.9149
30,IFFT,float32,1024,1024,1024,1,32,NCCL,8,257.7087,73.3646,74.1023,73.7533,0.2151,73.3646
5,FFT,float32,1024,1024,1024,1,32,NCCL,8,732.2359,74.8615,199.5656,87.9991,37.1923,76.4592
5,IFFT,float32,1024,1024,1024,1,32,NCCL,8,257.5152,72.9017,73.9513,73.6428,0.2804,72.9017
0,FFT,float32,1024,1024,1024,1,32,NCCL,8,785.8428,74.0482,195.7787,87.2539,36.1786,74.9575
0,IFFT,float32,1024,1024,1024,1,32,NCCL,8,257.6018,73.4240,74.7033,74.0379,0.4070,74.7033
24,FFT,float32,1024,1024,1024,1,32,NCCL,8,882.3611,74.3456,201.0374,87.9687,37.6940,75.7169
24,IFFT,float32,1024,1024,1024,1,32,NCCL,8,257.1390,73.4012,74.3902,73.8523,0.3531,73.7250
22,FFT,float32,1024,1024,1024,1,32,NCCL,8,785.9114,74.5425,201.3811,87.9479,37.8136,75.4403
22,IFFT,float32,1024,1024,1024,1,32,NCCL,8,257.8207,73.4087,74.4198,73.9208,0.2928,73.8147
10,FFT,float32,1024,1024,1024,1,32,NCCL,8,835.2588,74.4996,200.5501,87.7787,37.5931,75.3688
10,IFFT,float32,1024,1024,1024,1,32,NCCL,8,257.6766,73.3936,74.6074,73.9764,0.3914,74.3508
14,FFT,float32,1024,1024,1024,1,32,NCCL,8,820.1415,74.2537,199.4159,87.6860,37.2461,75.6168
14,IFFT,float32,1024,1024,1024,1,32,NCCL,8,257.2640,73.4093,74.3030,73.9202,0.2872,73.4093
13,FFT,float32,1024,1024,1024,1,32,NCCL,8,762.5692,74.2775,198.7012,87.6499,37.0199,75.8304
13,IFFT,float32,1024,1024,1024,1,32,NCCL,8,257.3379,73.6322,74.2083,73.9401,0.2009,73.7035
21,FFT,float32,1024,1024,1024,1,32,NCCL,8,878.5523,74.1919,201.4880,87.9940,37.8345,75.9037
21,IFFT,float32,1024,1024,1024,1,32,NCCL,8,257.7134,73.5970,74.3259,73.8885,0.2297,73.6392
6,FFT,float32,1024,1024,1024,1,32,NCCL,8,729.7115,74.8072,200.0648,87.9081,37.3896,75.9868
6,IFFT,float32,1024,1024,1024,1,32,NCCL,8,257.2432,73.2107,74.1266,73.7876,0.2514,73.2107
7,FFT,float32,1024,1024,1024,1,32,NCCL,8,768.3276,74.8571,200.2312,87.9858,37.4191,76.1274
7,IFFT,float32,1024,1024,1024,1,32,NCCL,8,257.3365,73.2107,73.9491,73.7230,0.2041,73.2107
4,FFT,float32,1024,1024,1024,1,32,NCCL,8,731.3695,74.8771,199.7294,87.9344,37.2684,76.2011
4,IFFT,float32,1024,1024,1024,1,32,NCCL,8,257.2253,73.1171,73.9884,73.7266,0.2314,73.1171
1,FFT,float32,1024,1024,1024,1,32,NCCL,8,794.3369,74.0798,195.6318,87.2889,36.1188,75.0735
1,IFFT,float32,1024,1024,1024,1,32,NCCL,8,257.6030,73.2687,74.6617,73.9865,0.5024,74.6433
2,FFT,float32,1024,1024,1024,1,32,NCCL,8,758.8068,74.1648,196.0102,87.4350,36.1960,75.5403
2,IFFT,float32,1024,1024,1024,1,32,NCCL,8,257.6604,73.3781,74.5488,73.8525,0.4289,73.5806
3,FFT,float32,1024,1024,1024,1,32,NCCL,8,869.0345,74.1057,196.1193,87.4346,36.2323,75.3473
3,IFFT,float32,1024,1024,1024,1,32,NCCL,8,257.5534,73.4905,74.4131,73.8925,0.3537,74.0515
5,FFT,float32,1024,1024,1024,32,1,NCCL,8,788.4249,73.1857,193.5565,85.8446,35.9112,74.0303
5,IFFT,float32,1024,1024,1024,32,1,NCCL,8,269.6735,75.5479,77.7829,76.2987,0.6065,75.9017
4,FFT,float32,1024,1024,1024,32,1,NCCL,8,795.9727,73.1333,193.4869,85.7121,35.9283,73.9902
4,IFFT,float32,1024,1024,1024,32,1,NCCL,8,269.5174,75.8336,77.6923,76.4085,0.5132,75.9722
7,FFT,float32,1024,1024,1024,32,1,NCCL,8,793.5284,73.3096,192.9579,85.8305,35.7164,74.4496
7,IFFT,float32,1024,1024,1024,32,1,NCCL,8,269.5590,75.3538,77.4884,76.2355,0.5268,75.7706
6,FFT,float32,1024,1024,1024,32,1,NCCL,8,795.4993,73.3510,193.1579,85.8509,35.7765,74.4589
6,IFFT,float32,1024,1024,1024,32,1,NCCL,8,269.4688,75.3289,77.5393,76.2437,0.5496,75.7116
28,FFT,float32,1024,1024,1024,32,1,NCCL,8,727.4325,73.1673,194.7137,85.9031,36.2785,74.0399
28,IFFT,float32,1024,1024,1024,32,1,NCCL,8,269.3628,75.5514,77.3019,76.3503,0.4689,75.9782
30,FFT,float32,1024,1024,1024,32,1,NCCL,8,716.7254,73.2546,196.9482,86.1984,36.9245,74.0068
30,IFFT,float32,1024,1024,1024,32,1,NCCL,8,269.3891,75.4430,77.4620,76.2943,0.5244,75.9618
29,FFT,float32,1024,1024,1024,32,1,NCCL,8,774.1267,73.2982,197.3712,86.2782,37.0404,74.1611
29,IFFT,float32,1024,1024,1024,32,1,NCCL,8,269.6096,75.2688,77.4673,76.2522,0.5568,76.0092
31,FFT,float32,1024,1024,1024,32,1,NCCL,8,716.4394,73.3247,194.2994,85.9634,36.1205,74.0944
31,IFFT,float32,1024,1024,1024,32,1,NCCL,8,269.4147,75.4296,77.5588,76.2692,0.5588,75.8754
2,FFT,float32,1024,1024,1024,32,1,NCCL,8,822.4499,73.1130,189.3968,85.1988,34.7336,73.5272
2,IFFT,float32,1024,1024,1024,32,1,NCCL,8,268.8714,75.9772,77.8989,76.5851,0.6037,76.3679
25,FFT,float32,1024,1024,1024,32,1,NCCL,8,789.3844,73.4196,192.9097,85.6206,35.7636,73.6399
25,IFFT,float32,1024,1024,1024,32,1,NCCL,8,268.9036,75.6653,77.5878,76.4307,0.5844,76.1240
27,FFT,float32,1024,1024,1024,32,1,NCCL,8,788.4933,73.3228,192.5744,85.6831,35.6361,73.7422
27,IFFT,float32,1024,1024,1024,32,1,NCCL,8,269.1669,75.8084,77.6219,76.3126,0.5146,75.9995
12,FFT,float32,1024,1024,1024,32,1,NCCL,8,734.6533,73.0494,193.5779,85.7040,35.9608,73.5430
12,IFFT,float32,1024,1024,1024,32,1,NCCL,8,269.0602,75.8110,77.2208,76.5065,0.4929,76.2771
14,FFT,float32,1024,1024,1024,32,1,NCCL,8,732.9130,73.0362,193.0227,85.6617,35.7946,73.8334
14,IFFT,float32,1024,1024,1024,32,1,NCCL,8,269.3058,75.7412,77.9552,76.4774,0.6708,75.8016
16,FFT,float32,1024,1024,1024,32,1,NCCL,8,730.5303,73.1369,194.8276,85.7615,36.3571,73.8528
16,IFFT,float32,1024,1024,1024,32,1,NCCL,8,269.0945,75.8367,77.2655,76.4434,0.4813,75.8367
18,FFT,float32,1024,1024,1024,32,1,NCCL,8,743.0993,73.0821,195.0781,85.8444,36.4161,73.7250
18,IFFT,float32,1024,1024,1024,32,1,NCCL,8,268.5223,75.9253,77.6478,76.4287,0.4740,76.1072
17,FFT,float32,1024,1024,1024,32,1,NCCL,8,730.2612,73.0241,195.0112,85.7722,36.4182,73.8159
17,IFFT,float32,1024,1024,1024,32,1,NCCL,8,268.9709,75.8662,77.5633,76.4501,0.4808,75.8662
21,FFT,float32,1024,1024,1024,32,1,NCCL,8,796.6688,73.3564,193.5799,85.9236,35.8911,74.1103
21,IFFT,float32,1024,1024,1024,32,1,NCCL,8,269.4946,75.6469,77.3581,76.3106,0.5857,75.6839
10,FFT,float32,1024,1024,1024,32,1,NCCL,8,830.1459,73.0816,194.6812,85.7515,36.3147,73.5146
10,IFFT,float32,1024,1024,1024,32,1,NCCL,8,268.8677,76.1263,77.5676,76.5932,0.4582,76.5288
19,FFT,float32,1024,1024,1024,32,1,NCCL,8,795.9232,73.1720,195.2507,85.7881,36.4903,73.7422
19,IFFT,float32,1024,1024,1024,32,1,NCCL,8,268.8941,75.9395,77.4951,76.4831,0.4305,75.9395
22,FFT,float32,1024,1024,1024,32,1,NCCL,8,779.1089,73.2108,194.1741,85.9401,36.0871,74.0427
22,IFFT,float32,1024,1024,1024,32,1,NCCL,8,269.1459,75.4804,77.5806,76.3702,0.6738,76.0312
9,FFT,float32,1024,1024,1024,32,1,NCCL,8,747.8126,73.3716,194.1751,85.9499,36.0820,73.9757
9,IFFT,float32,1024,1024,1024,32,1,NCCL,8,268.6019,75.6953,77.7472,76.2844,0.5755,75.9547
1,FFT,float32,1024,1024,1024,32,1,NCCL,8,795.5178,73.1532,189.5920,85.2693,34.7764,73.4374
1,IFFT,float32,1024,1024,1024,32,1,NCCL,8,268.9356,75.4058,77.8185,76.4212,0.6714,76.2202
26,FFT,float32,1024,1024,1024,32,1,NCCL,8,788.3284,73.2952,192.6873,85.6920,35.6724,73.8230
26,IFFT,float32,1024,1024,1024,32,1,NCCL,8,268.9450,75.6793,77.4973,76.3198,0.4854,76.1141
15,FFT,float32,1024,1024,1024,32,1,NCCL,8,732.9070,72.9865,193.5800,85.7079,35.9642,73.6529
15,IFFT,float32,1024,1024,1024,32,1,NCCL,8,269.2330,75.6325,77.6192,76.4978,0.6153,75.9039
13,FFT,float32,1024,1024,1024,32,1,NCCL,8,830.7927,72.9431,193.1714,85.7493,35.8156,73.9077
13,IFFT,float32,1024,1024,1024,32,1,NCCL,8,269.4330,75.7028,77.9059,76.4568,0.6807,76.0541
20,FFT,float32,1024,1024,1024,32,1,NCCL,8,796.2328,73.1744,193.9094,85.8771,36.0184,73.7103
20,IFFT,float32,1024,1024,1024,32,1,NCCL,8,269.3351,75.5725,77.2906,76.3792,0.5916,75.8508
8,FFT,float32,1024,1024,1024,32,1,NCCL,8,747.8558,73.1988,194.2129,85.7047,36.1740,73.6067
8,IFFT,float32,1024,1024,1024,32,1,NCCL,8,268.8258,75.9034,77.4783,76.5879,0.4597,76.3042
3,FFT,float32,1024,1024,1024,32,1,NCCL,8,821.4304,73.2916,189.1082,85.1975,34.6378,73.3773
3,IFFT,float32,1024,1024,1024,32,1,NCCL,8,268.9427,75.9519,77.8697,76.5636,0.5717,76.3888
24,FFT,float32,1024,1024,1024,32,1,NCCL,8,790.3636,73.5195,193.1906,85.6465,35.8483,73.7849
24,IFFT,float32,1024,1024,1024,32,1,NCCL,8,268.8970,75.7759,77.7052,76.4247,0.6052,76.1126
23,FFT,float32,1024,1024,1024,32,1,NCCL,8,779.5428,73.2240,193.9277,85.8077,36.0426,73.8583
23,IFFT,float32,1024,1024,1024,32,1,NCCL,8,269.2581,75.7664,77.5234,76.5135,0.5626,76.1519
11,FFT,float32,1024,1024,1024,32,1,NCCL,8,746.9865,72.9917,194.5095,85.6868,36.2790,73.7284
11,IFFT,float32,1024,1024,1024,32,1,NCCL,8,269.1000,76.1891,77.7149,76.6472,0.4799,76.4513
0,FFT,float32,1024,1024,1024,32,1,NCCL,8,795.8342,73.3040,189.8423,85.3175,34.8426,73.6712
0,IFFT,float32,1024,1024,1024,32,1,NCCL,8,269.1590,75.6458,78.1223,76.3791,0.7409,75.7571
17,FFT,float32,2048,2048,2048,4,8,NCCL,8,1778.8210,828.4307,1012.9442,852.0712,53.7504,831.4053
17,IFFT,float32,2048,2048,2048,4,8,NCCL,8,4404.4770,4019.5313,4046.4567,4036.1023,8.1747,4038.2403
7,FFT,float32,2048,2048,2048,4,8,NCCL,8,1740.2712,902.2020,1009.1989,936.7609,27.9836,956.3184
7,IFFT,float32,2048,2048,2048,4,8,NCCL,8,4313.1946,3921.8100,3967.0713,3943.1482,13.0280,3949.1751
5,FFT,float32,2048,2048,2048,4,8,NCCL,8,1780.0989,834.1577,1011.9739,854.9047,52.4413,839.6017
5,IFFT,float32,2048,2048,2048,4,8,NCCL,8,4414.5421,4023.6158,4042.0467,4033.1309,6.2650,4030.1188
1,FFT,float32,2048,2048,2048,4,8,NCCL,8,1659.7512,1007.9668,1480.8477,1426.5054,139.5498,1470.7989
1,IFFT,float32,2048,2048,2048,4,8,NCCL,8,3782.5650,3384.9205,3407.6731,3397.3879,6.2834,3395.9619
11,FFT,float32,2048,2048,2048,4,8,NCCL,8,1531.1685,1008.9820,1488.3880,1428.7672,140.0549,1474.6378
11,IFFT,float32,2048,2048,2048,4,8,NCCL,8,3774.6892,3390.3476,3405.2791,3395.8196,3.7360,3395.8992
10,FFT,float32,2048,2048,2048,4,8,NCCL,8,1817.1996,1008.2570,1488.3571,1429.0208,140.3736,1477.0009
10,IFFT,float32,2048,2048,2048,4,8,NCCL,8,3773.5778,3390.3970,3405.2348,3395.4941,3.7397,3393.6331
9,FFT,float32,2048,2048,2048,4,8,NCCL,8,1730.3270,858.0252,1011.2732,888.2277,41.7418,870.0488
9,IFFT,float32,2048,2048,2048,4,8,NCCL,8,4385.5307,3983.4219,4014.5087,3996.0278,9.7737,3998.7291
28,FFT,float32,2048,2048,2048,4,8,NCCL,8,1693.4557,859.3193,1015.6688,885.6243,43.7597,870.5178
28,IFFT,float32,2048,2048,2048,4,8,NCCL,8,4374.8854,3982.7891,4014.8149,3997.8962,9.4500,3982.7891
23,FFT,float32,2048,2048,2048,4,8,NCCL,8,1795.6610,856.0595,1016.2662,882.2029,45.1986,864.6880
23,IFFT,float32,2048,2048,2048,4,8,NCCL,8,4373.3415,3988.4636,4020.1442,4001.9263,10.0251,3991.4412
12,FFT,float32,2048,2048,2048,4,8,NCCL,8,1766.8009,899.6962,1015.5617,932.6953,29.7478,926.4034
12,IFFT,float32,2048,2048,2048,4,8,NCCL,8,4285.9324,3933.7499,3981.1360,3947.7402,13.2527,3953.0597
13,FFT,float32,2048,2048,2048,4,8,NCCL,8,1768.6653,901.7665,1016.5087,930.8815,30.0997,925.0203
13,IFFT,float32,2048,2048,2048,4,8,NCCL,8,4292.1061,3936.9466,3979.5250,3949.7126,11.9232,3953.5697
27,FFT,float32,2048,2048,2048,4,8,NCCL,8,1760.4506,832.5247,1008.4004,857.1289,50.5903,838.5173
27,IFFT,float32,2048,2048,2048,4,8,NCCL,8,4411.3726,4024.2667,4037.7941,4030.4236,4.0470,4024.2667
26,FFT,float32,2048,2048,2048,4,8,NCCL,8,1732.9442,833.6932,1009.7280,858.3531,50.6364,839.4623
26,IFFT,float32,2048,2048,2048,4,8,NCCL,8,4410.0199,4022.1020,4036.2459,4029.1472,4.1686,4022.1020
25,FFT,float32,2048,2048,2048,4,8,NCCL,8,1750.6012,905.4043,1011.6688,936.2744,28.1373,950.8080
25,IFFT,float32,2048,2048,2048,4,8,NCCL,8,4305.5078,3914.2356,3968.7306,3943.7734,14.7264,3954.8729
16,FFT,float32,2048,2048,2048,4,8,NCCL,8,1767.5289,828.0292,1015.6102,852.5345,54.4969,832.7277
16,IFFT,float32,2048,2048,2048,4,8,NCCL,8,4405.0746,4019.7362,4050.1419,4035.8130,8.3460,4037.7260
4,FFT,float32,2048,2048,2048,4,8,NCCL,8,1745.3437,828.8397,1011.4790,854.6171,52.4530,839.4528
4,IFFT,float32,2048,2048,2048,4,8,NCCL,8,4414.7012,4023.8257,4044.2287,4033.4438,6.5011,4031.0990
0,FFT,float32,2048,2048,2048,4,8,NCCL,8,1670.1982,1008.2453,1480.8176,1427.3348,139.7362,1473.6283
0,IFFT,float32,2048,2048,2048,4,8,NCCL,8,3782.6994,3385.0112,3406.5160,3396.5864,6.0594,3393.2370
8,FFT,float32,2048,2048,2048,4,8,NCCL,8,1543.4389,853.4833,1015.6271,886.6996,43.9634,862.4346
8,IFFT,float32,2048,2048,2048,4,8,NCCL,8,4388.2504,3985.3313,4022.0080,3998.6082,11.5179,4007.7328
29,FFT,float32,2048,2048,2048,4,8,NCCL,8,1796.1568,857.8814,1015.7783,884.4263,44.3859,868.9530
29,IFFT,float32,2048,2048,2048,4,8,NCCL,8,4373.1121,3987.1486,4019.1812,3999.5535,10.0074,3987.1486
30,FFT,float32,2048,2048,2048,4,8,NCCL,8,1691.9986,1016.2569,1486.3706,1430.5057,138.1444,1469.5102
30,IFFT,float32,2048,2048,2048,4,8,NCCL,8,3772.4871,3377.4425,3406.8009,3392.5391,7.2368,3377.4425
22,FFT,float32,2048,2048,2048,4,8,NCCL,8,1693.5078,855.5000,1016.1432,882.5799,44.9837,865.9044
22,IFFT,float32,2048,2048,2048,4,8,NCCL,8,4375.1356,3987.4983,4016.3617,4001.0996,9.3353,3987.4983
15,FFT,float32,2048,2048,2048,4,8,NCCL,8,1791.7748,837.2887,1015.6459,857.4570,52.7980,839.6480
15,IFFT,float32,2048,2048,2048,4,8,NCCL,8,4403.7533,4023.3856,4038.9723,4030.0046,5.2681,4023.3856
24,FFT,float32,2048,2048,2048,4,8,NCCL,8,1712.9720,900.6151,1015.3323,934.8398,30.7503,946.0483
24,IFFT,float32,2048,2048,2048,4,8,NCCL,8,4306.1814,3920.5992,3973.0805,3946.5024,15.6527,3965.7871
19,FFT,float32,2048,2048,2048,4,8,NCCL,8,1781.5276,894.7185,1012.5849,927.2417,30.3269,920.1523
19,IFFT,float32,2048,2048,2048,4,8,NCCL,8,4298.5405,3940.8398,3982.5904,3953.5469,11.8529,3958.5668
6,FFT,float32,2048,2048,2048,4,8,NCCL,8,1740.3447,899.9227,1008.9752,934.2755,29.1055,949.9199
6,IFFT,float32,2048,2048,2048,4,8,NCCL,8,4314.7608,3928.5492,3970.7779,3946.8953,14.2205,3961.9075
3,FFT,float32,2048,2048,2048,4,8,NCCL,8,1658.7751,860.1191,1008.3386,888.6904,40.4991,872.4625
3,IFFT,float32,2048,2048,2048,4,8,NCCL,8,4401.4443,3982.4013,4012.3696,3995.1785,8.3530,3996.3274
31,FFT,float32,2048,2048,2048,4,8,NCCL,8,1695.7353,1016.1577,1485.7935,1430.5277,138.1810,1469.6678
31,IFFT,float32,2048,2048,2048,4,8,NCCL,8,3772.3960,3377.0138,3407.2412,3392.4470,7.3814,3377.0138
20,FFT,float32,2048,2048,2048,4,8,NCCL,8,1709.4464,1015.5333,1472.7963,1423.8251,136.1272,1471.6226
20,IFFT,float32,2048,2048,2048,4,8,NCCL,8,3772.6291,3391.4548,3414.6429,3401.1133,6.8493,3400.4246
14,FFT,float32,2048,2048,2048,4,8,NCCL,8,1791.1485,837.6869,1015.8678,858.2641,52.6152,839.1220
14,IFFT,float32,2048,2048,2048,4,8,NCCL,8,4403.3054,4022.6679,4037.2771,4029.1489,5.2663,4022.6679
18,FFT,float32,2048,2048,2048,4,8,NCCL,8,1781.5985,893.6834,1013.4160,929.3683,30.3231,922.2787
18,IFFT,float32,2048,2048,2048,4,8,NCCL,8,4292.1729,3933.9335,3983.0192,3951.2524,13.2309,3957.1986
2,FFT,float32,2048,2048,2048,4,8,NCCL,8,1658.9115,852.4811,1008.5428,886.3628,41.8159,866.3836
2,IFFT,float32,2048,2048,2048,4,8,NCCL,8,4405.1352,3986.4048,4019.9375,3998.5454,9.6276,4004.1203
21,FFT,float32,2048,2048,2048,4,8,NCCL,8,1690.0028,1015.9261,1472.3556,1423.4000,135.8523,1471.3480
21,IFFT,float32,2048,2048,2048,4,8,NCCL,8,3773.9661,3391.7396,3417.0598,3401.6060,7.3466,3400.8466
13,FFT,float32,2048,2048,2048,8,4,NCCL,8,1296.4462,817.1228,1274.5448,1214.3623,132.6687,1250.4576
13,IFFT,float32,2048,2048,2048,8,4,NCCL,8,4649.3394,4308.7713,4325.6463,4315.3149,5.2011,4312.2834
9,FFT,float32,2048,2048,2048,8,4,NCCL,8,1281.5382,818.3009,1278.4591,1215.9880,132.7888,1253.4301
9,IFFT,float32,2048,2048,2048,8,4,NCCL,8,4641.4406,4307.6023,4321.7904,4313.4165,5.0641,4309.0079
0,FFT,float32,2048,2048,2048,8,4,NCCL,8,1257.2303,813.9810,1256.6563,1202.9696,129.7529,1241.0292
0,IFFT,float32,2048,2048,2048,8,4,NCCL,8,4654.2713,4318.3685,4343.5824,4328.2070,7.3585,4331.3105
4,FFT,float32,2048,2048,2048,8,4,NCCL,8,1193.3470,817.7390,1257.3221,1204.5270,129.0175,1241.1773
4,IFFT,float32,2048,2048,2048,8,4,NCCL,8,4655.0709,4318.3091,4339.7098,4326.9639,6.1212,4331.0263
27,FFT,float32,2048,2048,2048,8,4,NCCL,8,1228.9478,818.5598,1265.3911,1211.5192,131.0774,1249.2042
27,IFFT,float32,2048,2048,2048,8,4,NCCL,8,4648.8440,4311.6172,4325.4494,4318.6567,3.7726,4316.8078
18,FFT,float32,2048,2048,2048,8,4,NCCL,8,1311.7350,816.7384,1253.8148,1202.2196,128.5578,1239.7900
18,IFFT,float32,2048,2048,2048,8,4,NCCL,8,4648.6333,4320.5767,4345.7892,4329.2832,7.0317,4330.2302
31,FFT,float32,2048,2048,2048,8,4,NCCL,8,1305.4180,819.1878,1271.9157,1212.3881,131.1898,1250.7222
31,IFFT,float32,2048,2048,2048,8,4,NCCL,8,4648.5103,4311.0990,4326.9828,4317.6899,4.6063,4314.8767
22,FFT,float32,2048,2048,2048,8,4,NCCL,8,1266.2224,820.0018,1254.6918,1204.2264,128.1420,1241.6504
22,IFFT,float32,2048,2048,2048,8,4,NCCL,8,4653.6790,4319.0829,4345.0184,4327.1772,7.1494,4328.0088
12,FFT,float32,2048,2048,2048,8,4,NCCL,8,1296.3374,794.4475,816.2442,803.5184,6.6615,794.4475
12,IFFT,float32,2048,2048,2048,8,4,NCCL,8,5045.6788,4710.0955,4781.8432,4765.8672,19.1568,4710.0955
1,FFT,float32,2048,2048,2048,8,4,NCCL,8,1308.6570,780.8431,813.6931,790.7949,9.1426,787.6200
1,IFFT,float32,2048,2048,2048,8,4,NCCL,8,5050.4741,4718.1455,4802.1106,4779.0620,21.7227,4718.1455
5,FFT,float32,2048,2048,2048,8,4,NCCL,8,1193.4336,795.7030,818.5010,804.9462,6.9994,795.7030
5,IFFT,float32,2048,2048,2048,8,4,NCCL,8,5043.7580,4708.5188,4780.9777,4764.3745,19.2450,4708.5188
19,FFT,float32,2048,2048,2048,8,4,NCCL,8,1311.7955,791.6499,816.0492,799.4081,6.1565,791.6499
19,IFFT,float32,2048,2048,2048,8,4,NCCL,8,5041.8473,4722.6113,4793.0214,4771.2163,17.4401,4722.6113
26,FFT,float32,2048,2048,2048,8,4,NCCL,8,1228.8877,792.2697,817.5771,800.1472,6.3843,792.2697
26,IFFT,float32,2048,2048,2048,8,4,NCCL,8,5046.8557,4721.9651,4792.3825,4770.4780,17.4226,4721.9651
8,FFT,float32,2048,2048,2048,8,4,NCCL,8,1281.4198,780.5950,818.0226,791.4601,10.2538,787.8560
8,IFFT,float32,2048,2048,2048,8,4,NCCL,8,5047.8120,4717.9316,4802.2859,4778.8276,21.7583,4717.9316
30,FFT,float32,2048,2048,2048,8,4,NCCL,8,1305.7088,791.5838,820.9067,800.7880,7.8962,791.5838
30,IFFT,float32,2048,2048,2048,8,4,NCCL,8,5050.2237,4722.6018,4792.7591,4770.2212,17.3904,4722.6018
23,FFT,float32,2048,2048,2048,8,4,NCCL,8,1266.2182,792.0810,820.1567,801.5109,7.3028,792.0810
23,IFFT,float32,2048,2048,2048,8,4,NCCL,8,5050.5732,4722.1883,4790.8497,4769.3784,17.0874,4722.1883
29,FFT,float32,2048,2048,2048,8,4,NCCL,8,1307.2181,615.8112,818.9283,647.8807,57.7641,615.8112
29,IFFT,float32,2048,2048,2048,8,4,NCCL,8,5277.1997,4941.4663,4951.2357,4945.1436,3.5288,4944.5417
3,FFT,float32,2048,2048,2048,8,4,NCCL,8,1256.6684,626.7954,814.6907,649.7739,55.0576,626.7954
3,IFFT,float32,2048,2048,2048,8,4,NCCL,8,5264.2968,4934.0810,4961.7033,4942.7646,7.1983,4944.5859
14,FFT,float32,2048,2048,2048,8,4,NCCL,8,1299.8974,619.9364,818.0211,642.8400,58.4418,623.8085
14,IFFT,float32,2048,2048,2048,8,4,NCCL,8,5280.3249,4940.3684,4966.8211,4950.5972,6.8142,4949.7246
17,FFT,float32,2048,2048,2048,8,4,NCCL,8,1309.5827,619.4708,815.3477,642.7068,57.6188,623.1004
17,IFFT,float32,2048,2048,2048,8,4,NCCL,8,5276.2534,4939.5447,4968.8243,4951.0752,7.4862,4954.1489
16,FFT,float32,2048,2048,2048,8,4,NCCL,8,1309.9683,618.1045,815.4917,642.3059,57.8870,627.5884
16,IFFT,float32,2048,2048,2048,8,4,NCCL,8,5275.0000,4934.9779,4970.8347,4952.2095,9.6456,4961.7903
21,FFT,float32,2048,2048,2048,8,4,NCCL,8,1283.9051,620.3353,820.7875,643.7695,59.0657,624.6648
21,IFFT,float32,2048,2048,2048,8,4,NCCL,8,5278.8060,4939.9876,4966.4089,4949.8091,6.9612,4948.5936
11,FFT,float32,2048,2048,2048,8,4,NCCL,8,1282.8606,623.7596,818.7979,651.3771,56.3715,628.2776
11,IFFT,float32,2048,2048,2048,8,4,NCCL,8,5261.8921,4933.0635,4948.2800,4941.5234,5.1007,4943.5649
25,FFT,float32,2048,2048,2048,8,4,NCCL,8,1225.3805,619.2286,817.4115,651.1720,55.9356,626.0034
25,IFFT,float32,2048,2048,2048,8,4,NCCL,8,5264.9475,4935.1753,4950.6421,4941.7441,5.2598,4945.3441
7,FFT,float32,2048,2048,2048,8,4,NCCL,8,1193.0931,619.5388,818.1561,643.5823,58.2561,619.7686
7,IFFT,float32,2048,2048,2048,8,4,NCCL,8,5277.2254,4943.5882,4974.2396,4950.2930,8.6376,4954.6114
28,FFT,float32,2048,2048,2048,8,4,NCCL,8,1307.2024,619.7144,820.3653,643.6846,58.9432,619.9578
28,IFFT,float32,2048,2048,2048,8,4,NCCL,8,5275.6594,4943.0010,4975.2883,4950.4736,8.9496,4953.8654
2,FFT,float32,2048,2048,2048,8,4,NCCL,8,1283.6178,617.8452,814.5125,642.7162,57.3752,629.2509
2,IFFT,float32,2048,2048,2048,8,4,NCCL,8,5278.9370,4936.6471,4974.2756,4951.3218,10.4442,4960.1478
15,FFT,float32,2048,2048,2048,8,4,NCCL,8,1303.0181,615.0221,817.5175,647.4906,57.3842,615.0221
15,IFFT,float32,2048,2048,2048,8,4,NCCL,8,5279.9446,4941.6770,4952.3650,4945.4814,3.2930,4945.2899
20,FFT,float32,2048,2048,2048,8,4,NCCL,8,1283.7510,611.7046,819.3100,637.3308,60.7350,622.3600
20,IFFT,float32,2048,2048,2048,8,4,NCCL,8,5287.5541,4942.4940,4978.3079,4956.7925,8.8782,4954.7169
10,FFT,float32,2048,2048,2048,8,4,NCCL,8,1282.4124,618.3628,819.6338,643.9221,58.6350,625.1513
10,IFFT,float32,2048,2048,2048,8,4,NCCL,8,5277.8237,4941.0601,4972.3111,4949.8330,9.0246,4951.8427
24,FFT,float32,2048,2048,2048,8,4,NCCL,8,1225.3434,625.3534,816.7500,650.3983,55.5738,625.3534
24,IFFT,float32,2048,2048,2048,8,4,NCCL,8,5264.3337,4934.0881,4956.9738,4942.5483,5.9692,4945.8851
6,FFT,float32,2048,2048,2048,8,4,NCCL,8,1302.6753,611.5170,817.9008,636.8555,60.4160,621.3267
6,IFFT,float32,2048,2048,2048,8,4,NCCL,8,5288.3262,4943.2529,4978.8768,4957.0508,8.8781,4955.2498
12,FFT,float32,2048,2048,2048,1,32,NCCL,8,1358.2027,625.4089,766.0505,641.1229,41.6547,626.9826
12,IFFT,float32,2048,2048,2048,1,32,NCCL,8,764.1228,577.1018,580.4329,578.7549,1.0070,578.4067
14,FFT,float32,2048,2048,2048,1,32,NCCL,8,1363.1219,625.3637,766.3754,641.0045,41.8069,625.8813
14,IFFT,float32,2048,2048,2048,1,32,NCCL,8,764.3279,577.4897,580.4121,578.9087,0.8306,578.7639
13,FFT,float32,2048,2048,2048,1,32,NCCL,8,1358.2895,625.4912,766.1964,641.1207,41.7099,626.0966
13,IFFT,float32,2048,2048,2048,1,32,NCCL,8,764.1390,577.6039,580.2492,578.7831,0.7254,578.8840
15,FFT,float32,2048,2048,2048,1,32,NCCL,8,1363.2605,625.1190,766.6120,641.0131,41.8825,625.8187
15,IFFT,float32,2048,2048,2048,1,32,NCCL,8,764.1976,577.3917,579.9462,578.8950,0.7342,578.7690
1,FFT,float32,2048,2048,2048,1,32,NCCL,8,1353.3959,625.9056,763.1538,641.0819,40.7036,626.1905
1,IFFT,float32,2048,2048,2048,1,32,NCCL,8,764.3881,576.8694,580.1133,578.3815,0.9853,578.2473
22,FFT,float32,2048,2048,2048,1,32,NCCL,8,1313.7570,625.5893,761.5225,640.7280,40.2764,626.0186
22,IFFT,float32,2048,2048,2048,1,32,NCCL,8,765.0341,577.8678,584.7616,579.4355,1.8651,579.7002
20,FFT,float32,2048,2048,2048,1,32,NCCL,8,1315.3693,625.6292,768.9998,641.3090,42.5700,626.3020
20,IFFT,float32,2048,2048,2048,1,32,NCCL,8,765.1961,577.9385,579.6461,578.8779,0.6224,579.6461
7,FFT,float32,2048,2048,2048,1,32,NCCL,8,1291.0044,624.9706,765.5664,640.9254,41.5635,626.1345
7,IFFT,float32,2048,2048,2048,1,32,NCCL,8,763.6982,577.8124,580.2249,578.9185,0.7028,578.6442
4,FFT,float32,2048,2048,2048,1,32,NCCL,8,1283.7406,625.3859,767.0849,640.9556,42.0524,626.0833
4,IFFT,float32,2048,2048,2048,1,32,NCCL,8,763.7731,577.8212,580.5367,579.0405,0.7490,578.6876
30,FFT,float32,2048,2048,2048,1,32,NCCL,8,1360.7092,625.5159,763.8382,640.6840,41.0607,625.7594
30,IFFT,float32,2048,2048,2048,1,32,NCCL,8,765.4565,578.2739,582.8204,579.5156,1.2433,580.2475
31,FFT,float32,2048,2048,2048,1,32,NCCL,8,1361.2422,625.7239,762.3261,640.6180,40.5782,625.8467
31,IFFT,float32,2048,2048,2048,1,32,NCCL,8,764.8547,578.1693,584.1306,579.5807,1.6207,579.8584
9,FFT,float32,2048,2048,2048,1,32,NCCL,8,1375.9113,621.2419,763.4181,636.8804,42.1942,621.2419
9,IFFT,float32,2048,2048,2048,1,32,NCCL,8,768.6838,581.7598,584.7980,583.2257,1.0823,584.3559
19,FFT,float32,2048,2048,2048,1,32,NCCL,8,1367.1367,625.6337,767.3722,641.2929,42.0437,625.6337
19,IFFT,float32,2048,2048,2048,1,32,NCCL,8,763.8048,577.2910,580.6310,578.7622,1.0533,580.0619
25,FFT,float32,2048,2048,2048,1,32,NCCL,8,1376.5214,625.9974,767.2339,641.0634,42.0637,626.1785
25,IFFT,float32,2048,2048,2048,1,32,NCCL,8,764.3126,577.3799,581.0438,578.8661,1.0759,578.7626
5,FFT,float32,2048,2048,2048,1,32,NCCL,8,1284.1458,625.3569,766.7340,641.0626,41.9078,625.7738
5,IFFT,float32,2048,2048,2048,1,32,NCCL,8,764.4701,577.6625,580.9698,578.9428,0.8821,578.9906
29,FFT,float32,2048,2048,2048,1,32,NCCL,8,1363.0587,625.5986,761.9240,640.4390,40.5043,625.5986
29,IFFT,float32,2048,2048,2048,1,32,NCCL,8,764.2435,578.4782,584.2083,579.7325,1.5948,580.2563
28,FFT,float32,2048,2048,2048,1,32,NCCL,8,1363.0815,625.9783,763.3519,641.0483,40.7752,626.6847
28,IFFT,float32,2048,2048,2048,1,32,NCCL,8,764.1992,577.6941,583.0982,579.1345,1.4454,579.7683
11,FFT,float32,2048,2048,2048,1,32,NCCL,8,1355.5399,627.0962,769.1564,642.6525,42.1821,627.0962
11,IFFT,float32,2048,2048,2048,1,32,NCCL,8,763.0593,576.2326,579.1819,577.4692,0.9947,578.6882
17,FFT,float32,2048,2048,2048,1,32,NCCL,8,1369.0669,625.5798,767.0307,641.3989,41.8961,625.5798
17,IFFT,float32,2048,2048,2048,1,32,NCCL,8,764.0774,577.1492,580.6895,578.6772,1.0990,580.1442
27,FFT,float32,2048,2048,2048,1,32,NCCL,8,1359.3472,625.3255,768.1578,640.8456,42.4502,626.2144
27,IFFT,float32,2048,2048,2048,1,32,NCCL,8,764.4679,577.5376,580.8367,579.2839,0.9657,579.5895
24,FFT,float32,2048,2048,2048,1,32,NCCL,8,1369.6688,625.6459,767.2901,641.0065,42.1061,626.1421
24,IFFT,float32,2048,2048,2048,1,32,NCCL,8,764.2258,577.5027,580.7377,579.0036,0.8789,579.2437
3,FFT,float32,2048,2048,2048,1,32,NCCL,8,1354.0577,625.7328,762.3551,640.7347,40.5481,626.3339
3,IFFT,float32,2048,2048,2048,1,32,NCCL,8,764.5867,577.5305,580.4315,578.6888,0.8672,578.2134
0,FFT,float32,2048,2048,2048,1,32,NCCL,8,1380.1053,625.7606,762.8743,640.9026,40.6689,626.0581
0,IFFT,float32,2048,2048,2048,1,32,NCCL,8,764.3777,577.3192,580.1737,578.4871,0.9055,578.0361
2,FFT,float32,2048,2048,2048,1,32,NCCL,8,1354.4166,625.4318,763.2908,640.7595,40.8504,626.5174
2,IFFT,float32,2048,2048,2048,1,32,NCCL,8,764.3956,577.8827,580.4171,578.7288,0.8023,577.9527
21,FFT,float32,2048,2048,2048,1,32,NCCL,8,1315.8751,625.5379,761.9421,640.5981,40.4603,625.5379
21,IFFT,float32,2048,2048,2048,1,32,NCCL,8,764.7075,578.0977,584.8031,579.6204,1.8257,580.0802
23,FFT,float32,2048,2048,2048,1,32,NCCL,8,1313.5398,625.5468,760.9649,640.5527,40.1485,625.7011
23,IFFT,float32,2048,2048,2048,1,32,NCCL,8,765.1529,578.1077,585.1328,579.6069,1.9249,580.0350
6,FFT,float32,2048,2048,2048,1,32,NCCL,8,1378.2588,625.6553,766.2681,641.0018,41.7678,626.2916
6,IFFT,float32,2048,2048,2048,1,32,NCCL,8,763.3166,578.0576,580.9117,578.9474,0.8478,578.5100
10,FFT,float32,2048,2048,2048,1,32,NCCL,8,1355.6786,626.8472,769.2382,642.4855,42.2639,626.8472
10,IFFT,float32,2048,2048,2048,1,32,NCCL,8,762.8661,576.4560,579.1406,577.6376,0.9112,578.8252
18,FFT,float32,2048,2048,2048,1,32,NCCL,8,1314.0393,625.7469,767.2200,641.4831,41.9307,625.7469
18,IFFT,float32,2048,2048,2048,1,32,NCCL,8,763.8432,576.9153,580.8249,578.6092,1.2068,579.9195
26,FFT,float32,2048,2048,2048,1,32,NCCL,8,1359.6750,625.4961,767.5490,641.0906,42.1653,625.4961
26,IFFT,float32,2048,2048,2048,1,32,NCCL,8,764.0787,577.7966,580.4677,579.0139,0.8664,580.2998
8,FFT,float32,2048,2048,2048,1,32,NCCL,8,1394.0891,627.2295,768.6928,642.4836,42.0822,627.2295
8,IFFT,float32,2048,2048,2048,1,32,NCCL,8,763.0097,576.2858,579.0827,577.6134,0.8791,578.5110
16,FFT,float32,2048,2048,2048,1,32,NCCL,8,1313.6914,626.1084,768.0872,641.4164,42.2387,626.1084
16,IFFT,float32,2048,2048,2048,1,32,NCCL,8,764.2479,577.6349,580.4880,578.6559,0.9536,579.4192
9,FFT,float32,2048,2048,2048,32,1,NCCL,8,1350.5996,578.2927,704.9901,593.6356,37.2392,580.8292
9,IFFT,float32,2048,2048,2048,32,1,NCCL,8,822.6641,628.8649,632.8252,631.0408,1.1160,628.8649
8,FFT,float32,2048,2048,2048,32,1,NCCL,8,1352.7945,573.1146,705.1071,588.6644,38.9258,574.8558
8,IFFT,float32,2048,2048,2048,32,1,NCCL,8,827.4010,634.9284,637.7305,636.5811,0.8902,634.9284
10,FFT,float32,2048,2048,2048,32,1,NCCL,8,1347.6625,574.4666,705.5224,589.1213,38.9030,575.2062
10,IFFT,float32,2048,2048,2048,32,1,NCCL,8,826.9074,634.2331,637.5034,636.1588,0.9003,634.2331
11,FFT,float32,2048,2048,2048,32,1,NCCL,8,1347.4205,573.9022,705.8261,588.9568,39.0611,575.5282
11,IFFT,float32,2048,2048,2048,32,1,NCCL,8,827.2547,634.7159,637.4057,636.3400,0.9285,634.7159
21,FFT,float32,2048,2048,2048,32,1,NCCL,8,1373.0777,575.1246,707.0384,590.0756,39.0929,576.2876
21,IFFT,float32,2048,2048,2048,32,1,NCCL,8,827.1973,634.4090,636.4688,635.3860,0.6629,634.4886
22,FFT,float32,2048,2048,2048,32,1,NCCL,8,1328.9180,574.7604,707.3214,589.8264,39.2587,575.4811
22,IFFT,float32,2048,2048,2048,32,1,NCCL,8,826.6989,634.8206,636.9409,635.6085,0.6946,634.8902
26,FFT,float32,2048,2048,2048,32,1,NCCL,8,1368.6551,574.3497,703.8978,589.7693,38.1441,576.0653
26,IFFT,float32,2048,2048,2048,32,1,NCCL,8,826.6622,633.9140,637.0387,635.4910,0.9907,634.0035
28,FFT,float32,2048,2048,2048,32,1,NCCL,8,1261.4939,575.5631,706.0519,590.1652,38.7273,576.2198
28,IFFT,float32,2048,2048,2048,32,1,NCCL,8,826.7101,633.6146,636.3393,635.1567,0.8795,633.6146
31,FFT,float32,2048,2048,2048,32,1,NCCL,8,1260.6794,575.4513,706.3705,590.1862,38.8301,576.1437
31,IFFT,float32,2048,2048,2048,32,1,NCCL,8,826.2481,632.5796,636.5778,635.1750,1.2132,633.9500
0,FFT,float32,2048,2048,2048,32,1,NCCL,8,1275.9842,574.8645,698.6537,588.2236,36.8211,575.4334
0,IFFT,float32,2048,2048,2048,32,1,NCCL,8,825.8942,634.3423,641.8377,636.4891,2.2225,634.6303
13,FFT,float32,2048,2048,2048,32,1,NCCL,8,1291.8672,575.1623,705.6852,590.0509,38.6601,576.4745
13,IFFT,float32,2048,2048,2048,32,1,NCCL,8,828.6845,634.0950,636.3524,635.2941,0.6735,634.0950
7,FFT,float32,2048,2048,2048,32,1,NCCL,8,1243.9993,574.9554,712.0497,590.5431,40.5997,576.5773
7,IFFT,float32,2048,2048,2048,32,1,NCCL,8,827.1767,633.6108,636.9252,635.3735,1.1443,633.9743
4,FFT,float32,2048,2048,2048,32,1,NCCL,8,1222.6074,575.0710,712.0453,590.5085,40.6200,576.0086
4,IFFT,float32,2048,2048,2048,32,1,NCCL,8,828.0909,633.4584,636.8179,635.4460,1.0631,634.2154
16,FFT,float32,2048,2048,2048,32,1,NCCL,8,1374.3837,575.0386,707.2545,590.1305,39.1368,575.9270
16,IFFT,float32,2048,2048,2048,32,1,NCCL,8,826.2723,633.8600,636.2021,635.2737,0.7514,633.9232
23,FFT,float32,2048,2048,2048,32,1,NCCL,8,1328.3308,575.3920,706.5786,590.0134,38.9591,575.8210
23,IFFT,float32,2048,2048,2048,32,1,NCCL,8,827.3926,634.2832,636.4263,635.4045,0.6284,634.2832
24,FFT,float32,2048,2048,2048,32,1,NCCL,8,1347.2299,574.4404,704.9266,589.3501,38.6025,575.4146
24,IFFT,float32,2048,2048,2048,32,1,NCCL,8,826.4552,634.7362,637.8259,635.8361,1.1052,635.0581
29,FFT,float32,2048,2048,2048,32,1,NCCL,8,1261.4320,575.5855,706.5375,589.9839,38.9516,575.7545
29,IFFT,float32,2048,2048,2048,32,1,NCCL,8,826.5813,633.8193,637.0048,635.4459,1.0124,634.4371
2,FFT,float32,2048,2048,2048,32,1,NCCL,8,1319.6385,574.9069,700.2223,588.3018,37.3219,574.9069
2,IFFT,float32,2048,2048,2048,32,1,NCCL,8,825.6422,634.0311,641.2738,636.4645,1.9301,635.0046
12,FFT,float32,2048,2048,2048,32,1,NCCL,8,1301.5217,574.7916,705.3486,589.7331,38.6545,575.9483
12,IFFT,float32,2048,2048,2048,32,1,NCCL,8,828.4878,634.3175,636.6026,635.6006,0.7140,634.3175
14,FFT,float32,2048,2048,2048,32,1,NCCL,8,1307.3163,574.1860,706.1610,589.9492,38.8619,575.6863
14,IFFT,float32,2048,2048,2048,32,1,NCCL,8,828.1146,634.4992,636.4720,635.4061,0.6532,634.6968
5,FFT,float32,2048,2048,2048,32,1,NCCL,8,1222.6555,575.3241,705.3001,589.8934,38.5757,576.2665
5,IFFT,float32,2048,2048,2048,32,1,NCCL,8,827.9297,633.6693,636.5709,635.3712,1.0409,633.9160
6,FFT,float32,2048,2048,2048,32,1,NCCL,8,1240.1866,575.2270,705.2288,589.9500,38.5166,576.6001
6,IFFT,float32,2048,2048,2048,32,1,NCCL,8,826.4177,633.4343,636.3153,635.2392,1.0794,633.4536
17,FFT,float32,2048,2048,2048,32,1,NCCL,8,1365.9512,574.6589,706.5627,589.7000,39.0356,576.0498
17,IFFT,float32,2048,2048,2048,32,1,NCCL,8,826.1906,634.0800,636.7029,635.5923,0.8937,634.0800
20,FFT,float32,2048,2048,2048,32,1,NCCL,8,1361.4836,575.1040,707.1716,590.2228,39.0900,575.6327
20,IFFT,float32,2048,2048,2048,32,1,NCCL,8,826.8590,634.0597,636.4766,635.2184,0.7432,634.0597
27,FFT,float32,2048,2048,2048,32,1,NCCL,8,1349.2649,574.1819,703.7462,589.3317,38.2350,575.0682
27,IFFT,float32,2048,2048,2048,32,1,NCCL,8,827.2412,634.6670,637.3927,635.8864,0.9551,635.4085
30,FFT,float32,2048,2048,2048,32,1,NCCL,8,1332.9533,575.2824,706.4565,589.9040,38.9468,575.8829
30,IFFT,float32,2048,2048,2048,32,1,NCCL,8,825.9584,633.5330,637.0308,635.4789,1.1224,634.8185
3,FFT,float32,2048,2048,2048,32,1,NCCL,8,1298.3422,574.9068,697.9727,588.2348,36.5922,575.0403
3,IFFT,float32,2048,2048,2048,32,1,NCCL,8,825.7830,634.3571,641.3473,636.5536,2.1988,634.8361
15,FFT,float32,2048,2048,2048,32,1,NCCL,8,1335.1251,575.2845,706.2310,590.2195,38.7807,576.3942
15,IFFT,float32,2048,2048,2048,32,1,NCCL,8,828.1802,633.8744,636.2162,635.1688,0.7006,633.8744
19,FFT,float32,2048,2048,2048,32,1,NCCL,8,1354.5120,574.6091,706.8160,589.8267,39.0849,575.7483
19,IFFT,float32,2048,2048,2048,32,1,NCCL,8,825.9879,634.0146,636.7529,635.4886,0.8235,634.0146
18,FFT,float32,2048,2048,2048,32,1,NCCL,8,1355.4766,574.4323,706.9304,589.9406,39.0942,576.1617
18,IFFT,float32,2048,2048,2048,32,1,NCCL,8,826.1747,633.5769,636.1030,635.3968,0.7876,633.5769
25,FFT,float32,2048,2048,2048,32,1,NCCL,8,1347.0752,574.7164,703.4742,588.6888,38.2848,574.7648
25,IFFT,float32,2048,2048,2048,32,1,NCCL,8,826.2531,634.7848,641.1350,636.4904,1.8201,635.1835
1,FFT,float32,2048,2048,2048,32,1,NCCL,8,1319.8541,574.6521,696.8520,588.0258,36.2865,575.2440
1,IFFT,float32,2048,2048,2048,32,1,NCCL,8,826.1234,634.2820,641.6437,636.7343,2.4686,634.9933
1,FFT,float64,1024,1024,1024,4,8,NCCL,8,1387.9915,367.3567,414.6137,374.0970,13.6420,370.4108
1,IFFT,float64,1024,1024,1024,4,8,NCCL,8,1348.7719,828.1710,836.4258,831.1294,2.2795,830.7045
0,FFT,float64,1024,1024,1024,4,8,NCCL,8,1387.9097,367.3506,414.8899,374.4224,13.5850,370.3429
0,IFFT,float64,1024,1024,1024,4,8,NCCL,8,1348.7232,828.0400,834.8459,830.7926,2.0984,830.7991
31,FFT,float64,1024,1024,1024,4,8,NCCL,8,1367.1788,367.0257,420.6048,376.3731,15.0321,368.7788
31,IFFT,float64,1024,1024,1024,4,8,NCCL,8,1356.1272,826.5980,833.2775,829.2663,1.7163,833.2775
30,FFT,float64,1024,1024,1024,4,8,NCCL,8,1367.0882,366.8273,421.3317,376.5010,15.2297,369.4321
30,IFFT,float64,1024,1024,1024,4,8,NCCL,8,1356.0516,826.5508,832.5878,829.1916,1.5700,832.5878
21,FFT,float64,1024,1024,1024,4,8,NCCL,8,1434.2270,365.9899,419.9220,375.4848,15.0255,370.7265
21,IFFT,float64,1024,1024,1024,4,8,NCCL,8,1335.7407,827.7107,834.7223,830.2479,2.0201,831.2549
20,FFT,float64,1024,1024,1024,4,8,NCCL,8,1488.7905,365.4446,419.6715,375.4811,14.9609,370.8950
20,IFFT,float64,1024,1024,1024,4,8,NCCL,8,1335.3031,827.7589,834.7051,830.1780,1.9575,831.0583
11,FFT,float64,1024,1024,1024,4,8,NCCL,8,1089.0898,369.3437,421.3458,376.4939,15.0427,371.4127
11,IFFT,float64,1024,1024,1024,4,8,NCCL,8,1346.5016,826.0749,834.6968,829.1138,2.5171,831.1542
10,FFT,float64,1024,1024,1024,4,8,NCCL,8,1089.8407,369.2636,420.3983,376.3888,14.7654,371.3971
10,IFFT,float64,1024,1024,1024,4,8,NCCL,8,1345.8450,826.0754,834.6467,829.1292,2.5077,831.2144
12,FFT,float64,1024,1024,1024,4,8,NCCL,8,1473.3094,230.0325,420.0677,253.1370,55.7263,232.4245
12,IFFT,float64,1024,1024,1024,4,8,NCCL,8,1478.7503,960.6987,971.9830,965.3495,3.3722,961.1143
25,FFT,float64,1024,1024,1024,4,8,NCCL,8,1409.1760,227.3816,418.5992,251.6659,55.7614,231.7933
25,IFFT,float64,1024,1024,1024,4,8,NCCL,8,1490.5977,958.5578,973.8248,967.0534,4.1320,961.7568
18,FFT,float64,1024,1024,1024,4,8,NCCL,8,1465.3880,229.1883,422.9260,252.4120,56.9082,232.9441
18,IFFT,float64,1024,1024,1024,4,8,NCCL,8,1468.9709,960.6070,972.0250,966.4600,4.0341,960.6070
19,FFT,float64,1024,1024,1024,4,8,NCCL,8,1465.7986,229.2871,422.1057,251.5020,56.9269,232.0296
19,IFFT,float64,1024,1024,1024,4,8,NCCL,8,1470.1460,961.0362,972.9026,967.3226,3.9792,961.0362
6,FFT,float64,1024,1024,1024,4,8,NCCL,8,1348.2143,227.1745,419.2617,252.2502,55.7827,231.6974
6,IFFT,float64,1024,1024,1024,4,8,NCCL,8,1484.2622,962.5614,971.2280,966.4109,2.7061,962.5614
13,FFT,float64,1024,1024,1024,4,8,NCCL,8,1473.0777,227.3322,419.8253,251.7404,56.1239,231.2508
13,IFFT,float64,1024,1024,1024,4,8,NCCL,8,1479.6990,961.3009,972.5562,966.7912,3.7295,962.0713
24,FFT,float64,1024,1024,1024,4,8,NCCL,8,1388.4964,228.2419,418.8312,251.7715,55.7606,233.0631
24,IFFT,float64,1024,1024,1024,4,8,NCCL,8,1489.7778,961.3140,973.0774,966.9217,3.0952,961.3140
7,FFT,float64,1024,1024,1024,4,8,NCCL,8,1334.9507,226.3867,418.8943,252.1891,55.7446,230.4776
7,IFFT,float64,1024,1024,1024,4,8,NCCL,8,1485.2286,960.3396,971.7604,966.5366,3.1956,963.3178
8,FFT,float64,1024,1024,1024,4,8,NCCL,8,1091.0719,216.5957,420.1620,240.8663,59.7997,223.2050
8,IFFT,float64,1024,1024,1024,4,8,NCCL,8,1492.7269,973.6285,985.0636,979.7518,3.5608,982.2109
29,FFT,float64,1024,1024,1024,4,8,NCCL,8,1370.5715,209.4267,419.6302,239.7122,60.1348,217.5140
29,IFFT,float64,1024,1024,1024,4,8,NCCL,8,1502.5125,976.6722,990.8934,980.6480,3.9224,977.5806
28,FFT,float64,1024,1024,1024,4,8,NCCL,8,1370.6081,207.9708,419.6320,239.8879,60.1091,218.7773
28,IFFT,float64,1024,1024,1024,4,8,NCCL,8,1501.9950,975.9860,993.1933,980.5110,4.7477,977.2858
9,FFT,float64,1024,1024,1024,4,8,NCCL,8,1091.0465,217.9527,419.9659,240.7769,59.7613,222.0235
9,IFFT,float64,1024,1024,1024,4,8,NCCL,8,1493.9103,974.7042,985.9087,979.8184,3.3184,982.0313
22,FFT,float64,1024,1024,1024,4,8,NCCL,8,1402.6475,207.7859,421.3251,239.7568,60.7490,216.1328
22,IFFT,float64,1024,1024,1024,4,8,NCCL,8,1483.2106,975.4418,993.1877,980.7077,4.6389,979.8542
23,FFT,float64,1024,1024,1024,4,8,NCCL,8,1402.9983,209.9933,420.0409,239.5917,60.3354,215.4380
23,IFFT,float64,1024,1024,1024,4,8,NCCL,8,1483.7790,976.2642,990.6924,980.7307,3.8019,979.1256
26,FFT,float64,1024,1024,1024,4,8,NCCL,8,1388.3611,210.1115,419.1155,233.4301,61.9209,215.3903
26,IFFT,float64,1024,1024,1024,4,8,NCCL,8,1515.1807,985.3943,991.3473,987.8946,1.7046,987.5367
27,FFT,float64,1024,1024,1024,4,8,NCCL,8,1432.4092,209.8781,419.9851,233.2894,62.2558,215.3754
27,IFFT,float64,1024,1024,1024,4,8,NCCL,8,1514.9987,985.1685,991.8811,988.1304,1.7474,987.6077
15,FFT,float64,1024,1024,1024,4,8,NCCL,8,1474.2306,209.0558,418.6258,233.2572,61.8818,209.8618
15,IFFT,float64,1024,1024,1024,4,8,NCCL,8,1505.0736,985.4022,992.9754,988.1358,2.0312,992.9754
5,FFT,float64,1024,1024,1024,4,8,NCCL,8,1337.2653,208.8488,419.6768,232.4810,62.4428,211.6137
5,IFFT,float64,1024,1024,1024,4,8,NCCL,8,1507.2140,985.5914,993.3008,989.0132,2.3127,989.5947
16,FFT,float64,1024,1024,1024,4,8,NCCL,8,1482.9702,206.1047,421.8223,231.5185,63.4743,209.8765
16,IFFT,float64,1024,1024,1024,4,8,NCCL,8,1495.5183,986.9845,994.2507,990.2147,2.4893,991.1706
3,FFT,float64,1024,1024,1024,4,8,NCCL,8,1413.9585,216.2580,414.6944,239.5986,58.4106,223.3334
3,IFFT,float64,1024,1024,1024,4,8,NCCL,8,1498.2010,976.1395,985.5809,980.6702,2.7496,980.7931
14,FFT,float64,1024,1024,1024,4,8,NCCL,8,1473.9846,209.4572,419.2481,233.7712,61.9122,209.7853
14,IFFT,float64,1024,1024,1024,4,8,NCCL,8,1505.1223,984.8955,992.9584,987.5284,2.0901,992.9584
4,FFT,float64,1024,1024,1024,4,8,NCCL,8,1348.3322,204.9414,418.8092,232.0032,62.3321,212.0503
4,IFFT,float64,1024,1024,1024,4,8,NCCL,8,1509.0167,986.8823,994.4529,989.4174,2.2029,989.1655
17,FFT,float64,1024,1024,1024,4,8,NCCL,8,1482.2199,209.0593,421.7872,232.2267,63.2128,209.8932
17,IFFT,float64,1024,1024,1024,4,8,NCCL,8,1493.4384,985.9267,993.6540,989.4895,2.6075,991.7860
2,FFT,float64,1024,1024,1024,4,8,NCCL,8,1414.2191,215.2853,415.4269,239.9256,58.5654,224.6482
2,IFFT,float64,1024,1024,1024,4,8,NCCL,8,1497.0048,975.5368,984.1557,980.3835,2.4393,980.8516
13,FFT,float64,1024,1024,1024,8,4,NCCL,8,936.4343,311.8226,362.5070,319.2318,14.5969,312.5426
13,IFFT,float64,1024,1024,1024,8,4,NCCL,8,1470.8127,1058.0511,1069.5426,1061.0294,3.1683,1058.0511
9,FFT,float64,1024,1024,1024,8,4,NCCL,8,962.1602,311.9092,362.7216,319.8811,14.5218,313.7653
9,IFFT,float64,1024,1024,1024,8,4,NCCL,8,1461.5166,1056.2087,1068.4264,1060.3383,3.2082,1057.4761
4,FFT,float64,1024,1024,1024,8,4,NCCL,8,937.4428,311.3717,361.0681,317.6262,14.5095,312.8103
4,IFFT,float64,1024,1024,1024,8,4,NCCL,8,1474.4908,1058.3721,1067.0309,1062.7268,2.8454,1058.8161
27,FFT,float64,1024,1024,1024,8,4,NCCL,8,866.2939,311.4538,363.1735,318.6714,14.9839,311.4538
27,IFFT,float64,1024,1024,1024,8,4,NCCL,8,1478.2737,1058.4696,1069.7553,1061.8850,2.9903,1058.4696
0,FFT,float64,1024,1024,1024,8,4,NCCL,8,921.2414,311.6922,358.0429,317.3172,13.6117,312.8388
0,IFFT,float64,1024,1024,1024,8,4,NCCL,8,1475.9678,1058.2009,1067.1857,1062.6354,2.8576,1058.5394
18,FFT,float64,1024,1024,1024,8,4,NCCL,8,912.7546,311.4912,364.4247,318.0863,15.4737,313.0190
18,IFFT,float64,1024,1024,1024,8,4,NCCL,8,1483.5553,1057.5792,1066.5539,1062.4310,3.0602,1057.5792
31,FFT,float64,1024,1024,1024,8,4,NCCL,8,894.0534,311.1192,368.4458,319.4142,16.5063,311.1192
31,IFFT,float64,1024,1024,1024,8,4,NCCL,8,1475.9107,1058.7110,1068.4312,1061.7161,2.5263,1058.7110
22,FFT,float64,1024,1024,1024,8,4,NCCL,8,879.5616,311.2457,363.6505,317.9558,15.2825,311.3421
22,IFFT,float64,1024,1024,1024,8,4,NCCL,8,1472.8957,1058.6529,1066.4356,1062.4209,2.6533,1058.6529
1,FFT,float64,1024,1024,1024,8,4,NCCL,8,843.8823,198.0934,358.4175,215.9922,47.4876,200.8422
1,IFFT,float64,1024,1024,1024,8,4,NCCL,8,1575.4314,1155.9200,1181.4367,1173.7095,6.6054,1155.9200
12,FFT,float64,1024,1024,1024,8,4,NCCL,8,936.4712,199.0225,362.2174,216.3511,48.6285,199.7767
12,IFFT,float64,1024,1024,1024,8,4,NCCL,8,1569.1057,1156.6206,1181.0243,1173.7257,6.3113,1156.6206
5,FFT,float64,1024,1024,1024,8,4,NCCL,8,922.8019,199.2684,362.1323,216.7716,48.4630,200.8319
5,IFFT,float64,1024,1024,1024,8,4,NCCL,8,1571.6877,1155.5496,1180.0619,1173.3298,6.4986,1155.5496
30,FFT,float64,1024,1024,1024,8,4,NCCL,8,951.3427,199.1491,362.9982,216.8429,48.7258,199.1491
30,IFFT,float64,1024,1024,1024,8,4,NCCL,8,1573.6447,1157.0681,1179.3344,1173.5462,5.9387,1157.0681
19,FFT,float64,1024,1024,1024,8,4,NCCL,8,894.9558,198.7462,363.3186,215.8629,49.1580,198.9753
19,IFFT,float64,1024,1024,1024,8,4,NCCL,8,1575.3468,1155.4026,1181.5343,1174.3628,6.8198,1155.4026
26,FFT,float64,1024,1024,1024,8,4,NCCL,8,966.2696,198.5704,362.6215,215.6383,49.0002,198.6697
26,IFFT,float64,1024,1024,1024,8,4,NCCL,8,1576.0398,1155.7077,1181.9972,1174.5576,6.8558,1155.7077
8,FFT,float64,1024,1024,1024,8,4,NCCL,8,888.2959,197.9138,362.4220,216.2967,48.7235,200.2915
8,IFFT,float64,1024,1024,1024,8,4,NCCL,8,1561.9720,1156.5652,1181.4167,1173.8320,6.4616,1156.5652
20,FFT,float64,1024,1024,1024,8,4,NCCL,8,890.6282,154.7133,363.3968,176.9662,62.1512,157.4048
20,IFFT,float64,1024,1024,1024,8,4,NCCL,8,1631.4358,1213.0505,1224.0265,1219.3771,3.5849,1217.6086
23,FFT,float64,1024,1024,1024,8,4,NCCL,8,953.0050,198.6536,363.6952,216.9392,48.9297,198.6536
23,IFFT,float64,1024,1024,1024,8,4,NCCL,8,1571.0395,1157.5318,1179.2486,1173.4376,5.8025,1157.5318
21,FFT,float64,1024,1024,1024,8,4,NCCL,8,890.5707,154.9352,364.8009,178.4145,62.1527,156.6331
21,IFFT,float64,1024,1024,1024,8,4,NCCL,8,1626.9917,1213.5070,1222.9797,1217.6237,2.8954,1213.5070
15,FFT,float64,1024,1024,1024,8,4,NCCL,8,937.8180,154.7747,362.5491,178.1518,61.5091,154.8219
15,IFFT,float64,1024,1024,1024,8,4,NCCL,8,1626.1313,1213.0244,1224.6656,1217.8699,2.9539,1215.3978
14,FFT,float64,1024,1024,1024,8,4,NCCL,8,937.7232,155.6640,363.1628,178.4542,61.5898,156.8398
14,IFFT,float64,1024,1024,1024,8,4,NCCL,8,1625.4733,1213.1257,1223.1824,1217.3798,2.8468,1213.1257
7,FFT,float64,1024,1024,1024,8,4,NCCL,8,937.8796,156.1385,361.1206,178.0268,61.0432,158.1265
7,IFFT,float64,1024,1024,1024,8,4,NCCL,8,1633.6329,1213.2658,1224.2402,1218.0554,3.6290,1215.8339
6,FFT,float64,1024,1024,1024,8,4,NCCL,8,918.4974,155.0229,361.5745,176.8484,61.5825,158.1172
6,IFFT,float64,1024,1024,1024,8,4,NCCL,8,1633.2639,1213.2924,1224.1023,1219.3293,3.5450,1216.6716
17,FFT,float64,1024,1024,1024,8,4,NCCL,8,938.8650,156.1569,363.2968,178.4418,61.6326,157.3070
17,IFFT,float64,1024,1024,1024,8,4,NCCL,8,1630.7888,1212.8289,1223.0979,1217.4666,3.0571,1212.8289
28,FFT,float64,1024,1024,1024,8,4,NCCL,8,916.4404,156.3090,363.2083,178.5891,61.5521,158.3018
28,IFFT,float64,1024,1024,1024,8,4,NCCL,8,1634.2585,1212.9129,1224.0263,1217.6465,3.6083,1215.5478
29,FFT,float64,1024,1024,1024,8,4,NCCL,8,915.7864,154.4742,368.5713,179.0137,63.2303,155.4339
29,IFFT,float64,1024,1024,1024,8,4,NCCL,8,1629.4989,1213.0854,1224.0715,1217.6892,2.8859,1214.9707
2,FFT,float64,1024,1024,1024,8,4,NCCL,8,851.5911,154.6554,359.0607,177.4962,60.5357,156.2860
2,IFFT,float64,1024,1024,1024,8,4,NCCL,8,1629.6903,1213.7991,1222.8361,1218.1947,2.8397,1214.7684
11,FFT,float64,1024,1024,1024,8,4,NCCL,8,889.4904,156.5098,363.5806,179.7360,61.3473,156.7400
11,IFFT,float64,1024,1024,1024,8,4,NCCL,8,1617.5020,1212.1098,1223.4852,1216.2096,3.4530,1213.3733
10,FFT,float64,1024,1024,1024,8,4,NCCL,8,885.3627,156.7098,362.8399,178.9964,61.3038,157.4130
10,IFFT,float64,1024,1024,1024,8,4,NCCL,8,1616.4785,1212.8158,1222.2324,1216.8012,2.9365,1212.8370
24,FFT,float64,1024,1024,1024,8,4,NCCL,8,865.1911,157.7969,361.6646,179.0434,60.8795,158.0167
24,IFFT,float64,1024,1024,1024,8,4,NCCL,8,1630.4373,1212.2089,1223.3662,1216.7355,3.3885,1212.3024
16,FFT,float64,1024,1024,1024,8,4,NCCL,8,894.2618,154.8260,363.1310,177.8204,61.7817,156.4372
16,IFFT,float64,1024,1024,1024,8,4,NCCL,8,1630.3596,1214.3410,1223.0594,1218.2815,2.8415,1214.6732
3,FFT,float64,1024,1024,1024,8,4,NCCL,8,851.4718,157.2449,358.3987,178.5780,59.9479,157.6510
3,IFFT,float64,1024,1024,1024,8,4,NCCL,8,1629.8161,1212.7213,1222.5156,1216.8501,3.1661,1212.7213
25,FFT,float64,1024,1024,1024,8,4,NCCL,8,864.5524,157.0202,361.7713,179.4451,60.8225,157.1557
25,IFFT,float64,1024,1024,1024,8,4,NCCL,8,1632.3262,1212.5059,1224.5720,1216.3508,3.6292,1212.5059
27,FFT,float64,1024,1024,1024,1,32,NCCL,8,1004.2178,148.3603,290.6123,163.1139,42.5033,148.5775
27,IFFT,float64,1024,1024,1024,1,32,NCCL,8,350.7342,145.7989,147.8940,146.7583,0.5027,146.5471
26,FFT,float64,1024,1024,1024,1,32,NCCL,8,1003.5792,148.2888,291.3514,163.1263,42.7456,148.2888
26,IFFT,float64,1024,1024,1024,1,32,NCCL,8,351.4888,145.8899,147.9198,146.8291,0.4782,146.8732
24,FFT,float64,1024,1024,1024,1,32,NCCL,8,1010.0184,148.2326,290.5253,163.1234,42.4711,148.2326
24,IFFT,float64,1024,1024,1024,1,32,NCCL,8,350.7995,145.6313,147.3899,146.7376,0.4451,146.8522
25,FFT,float64,1024,1024,1024,1,32,NCCL,8,1008.2142,147.9100,290.8584,163.2546,42.5385,147.9100
25,IFFT,float64,1024,1024,1024,1,32,NCCL,8,351.0418,145.3590,147.3027,146.6431,0.4783,147.0125
29,FFT,float64,1024,1024,1024,1,32,NCCL,8,952.5630,148.2211,292.8065,163.2693,43.1833,148.7443
29,IFFT,float64,1024,1024,1024,1,32,NCCL,8,352.7758,146.2749,148.0989,146.8731,0.4997,146.5331
22,FFT,float64,1024,1024,1024,1,32,NCCL,8,956.8296,148.2703,291.4948,163.1669,42.7785,148.6712
22,IFFT,float64,1024,1024,1024,1,32,NCCL,8,350.6759,146.3649,147.8089,146.9048,0.3641,146.3649
20,FFT,float64,1024,1024,1024,1,32,NCCL,8,959.8412,148.3735,291.8926,163.2115,42.8977,148.5047
20,IFFT,float64,1024,1024,1024,1,32,NCCL,8,353.3995,146.3045,147.7582,146.8902,0.4183,146.3400
13,FFT,float64,1024,1024,1024,1,32,NCCL,8,1006.7216,148.2941,290.1332,163.1290,42.3367,148.5234
13,IFFT,float64,1024,1024,1024,1,32,NCCL,8,350.5503,145.6750,147.4707,146.7635,0.5715,145.6750
11,FFT,float64,1024,1024,1024,1,32,NCCL,8,989.2146,148.0200,292.1334,163.3174,42.9446,148.7656
11,IFFT,float64,1024,1024,1024,1,32,NCCL,8,352.3910,146.1350,147.8528,146.6693,0.5345,146.1350
10,FFT,float64,1024,1024,1024,1,32,NCCL,8,989.8061,148.3794,289.9732,163.1331,42.2835,148.7458
10,IFFT,float64,1024,1024,1024,1,32,NCCL,8,351.6804,146.2434,148.1167,146.8462,0.6131,146.2434
8,FFT,float64,1024,1024,1024,1,32,NCCL,8,997.6395,148.1870,289.5758,162.8993,42.2289,148.4337
8,IFFT,float64,1024,1024,1024,1,32,NCCL,8,351.4525,146.4889,148.2637,147.0776,0.5257,146.6102
6,FFT,float64,1024,1024,1024,1,32,NCCL,8,1026.5802,148.2384,290.2108,163.0821,42.3784,148.7748
6,IFFT,float64,1024,1024,1024,1,32,NCCL,8,350.5787,145.9060,147.5846,146.7155,0.4756,145.9060
4,FFT,float64,1024,1024,1024,1,32,NCCL,8,1010.2361,148.2782,290.7699,163.0861,42.5630,148.8597
4,IFFT,float64,1024,1024,1024,1,32,NCCL,8,350.1912,146.0987,147.5122,146.8177,0.4218,146.0987
30,FFT,float64,1024,1024,1024,1,32,NCCL,8,903.4664,148.1249,293.0879,163.3966,43.2355,148.6049
30,IFFT,float64,1024,1024,1024,1,32,NCCL,8,352.7065,146.3777,148.1510,146.7575,0.4926,146.5256
3,FFT,float64,1024,1024,1024,1,32,NCCL,8,990.1547,148.2557,286.9894,162.9503,41.3507,148.7854
3,IFFT,float64,1024,1024,1024,1,32,NCCL,8,351.0457,146.1852,147.3188,146.5629,0.3668,146.6745
0,FFT,float64,1024,1024,1024,1,32,NCCL,8,990.7797,148.2037,286.1885,162.8121,41.1308,148.5748
0,IFFT,float64,1024,1024,1024,1,32,NCCL,8,351.0890,146.3556,146.9870,146.6347,0.2190,146.4295
23,FFT,float64,1024,1024,1024,1,32,NCCL,8,956.0170,148.3013,291.5336,163.2797,42.7547,148.5170
23,IFFT,float64,1024,1024,1024,1,32,NCCL,8,351.6526,146.3457,147.7359,146.7941,0.3868,146.5427
21,FFT,float64,1024,1024,1024,1,32,NCCL,8,958.2880,148.1944,291.9724,163.2722,42.9041,148.7581
21,IFFT,float64,1024,1024,1024,1,32,NCCL,8,352.8729,146.1429,147.9587,146.8412,0.5438,146.1429
9,FFT,float64,1024,1024,1024,1,32,NCCL,8,1012.5632,147.2954,288.5192,162.0771,42.1509,147.6456
9,IFFT,float64,1024,1024,1024,1,32,NCCL,8,351.5191,147.2060,149.1475,147.8504,0.6353,147.2220
7,FFT,float64,1024,1024,1024,1,32,NCCL,8,988.3448,148.2145,290.3775,163.0172,42.4558,148.6235
7,IFFT,float64,1024,1024,1024,1,32,NCCL,8,350.2859,145.8573,147.5699,146.7964,0.5209,145.8573
16,FFT,float64,1024,1024,1024,1,32,NCCL,8,1000.2062,148.0833,291.6764,163.0787,42.8705,148.3576
16,IFFT,float64,1024,1024,1024,1,32,NCCL,8,351.4190,146.2631,148.1699,146.9072,0.5103,146.4871
31,FFT,float64,1024,1024,1024,1,32,NCCL,8,903.3218,147.9928,292.9062,163.2279,43.2314,148.6046
31,IFFT,float64,1024,1024,1024,1,32,NCCL,8,352.8849,146.4071,148.3738,146.9161,0.5465,146.4855
28,FFT,float64,1024,1024,1024,1,32,NCCL,8,1027.4940,148.2034,291.2692,163.1258,42.7182,148.6558
28,IFFT,float64,1024,1024,1024,1,32,NCCL,8,352.4918,146.4143,148.0600,146.8356,0.4628,146.4621
2,FFT,float64,1024,1024,1024,1,32,NCCL,8,1006.2259,148.3666,287.1899,162.9357,41.4215,148.6896
2,IFFT,float64,1024,1024,1024,1,32,NCCL,8,351.3000,145.9884,147.2214,146.5719,0.3306,146.4344
1,FFT,float64,1024,1024,1024,1,32,NCCL,8,1011.2874,148.0209,285.5183,162.8030,40.9111,148.6218
1,IFFT,float64,1024,1024,1024,1,32,NCCL,8,351.0932,146.2749,147.2212,146.6354,0.3162,146.3630
12,FFT,float64,1024,1024,1024,1,32,NCCL,8,1005.6833,148.4095,290.4644,163.1686,42.4337,148.6441
12,IFFT,float64,1024,1024,1024,1,32,NCCL,8,351.9601,145.7025,147.6199,146.7370,0.5177,145.7025
15,FFT,float64,1024,1024,1024,1,32,NCCL,8,1008.7713,148.4275,290.7001,163.1337,42.5239,148.7437
15,IFFT,float64,1024,1024,1024,1,32,NCCL,8,350.6416,145.6496,147.4987,146.7892,0.5547,145.6496
5,FFT,float64,1024,1024,1024,1,32,NCCL,8,987.9368,148.1418,290.7046,163.1409,42.5231,148.9151
5,IFFT,float64,1024,1024,1024,1,32,NCCL,8,350.5184,145.8563,147.6429,146.7240,0.4939,145.8563
19,FFT,float64,1024,1024,1024,1,32,NCCL,8,1001.8147,148.1747,292.2196,163.1337,43.0322,148.5452
19,IFFT,float64,1024,1024,1024,1,32,NCCL,8,351.2242,146.0070,147.6885,146.9294,0.4193,146.8301
14,FFT,float64,1024,1024,1024,1,32,NCCL,8,1008.0859,148.4335,289.9376,163.0288,42.3045,148.7333
14,IFFT,float64,1024,1024,1024,1,32,NCCL,8,351.3512,145.7367,147.9615,146.8150,0.5874,145.7367
17,FFT,float64,1024,1024,1024,1,32,NCCL,8,1000.4364,148.0729,291.8141,163.0315,42.9325,148.1900
17,IFFT,float64,1024,1024,1024,1,32,NCCL,8,351.2741,146.2800,148.1194,146.9711,0.5283,146.6995
18,FFT,float64,1024,1024,1024,1,32,NCCL,8,1001.6756,148.1040,292.0069,163.1227,42.9662,148.3126
18,IFFT,float64,1024,1024,1024,1,32,NCCL,8,351.1151,146.0447,147.4578,146.9086,0.3842,146.8295
5,FFT,float64,1024,1024,1024,32,1,NCCL,8,807.4350,144.6697,358.0749,166.8195,63.7557,144.8672
5,IFFT,float64,1024,1024,1024,32,1,NCCL,8,945.0260,150.4361,153.5025,151.2285,0.9232,150.4361
13,FFT,float64,1024,1024,1024,32,1,NCCL,8,892.8202,145.0581,358.1995,166.8790,63.7758,145.0581
13,IFFT,float64,1024,1024,1024,32,1,NCCL,8,1061.8964,150.3703,152.9272,151.1769,0.7547,150.5124
4,FFT,float64,1024,1024,1024,32,1,NCCL,8,807.1128,144.8728,357.8913,166.8794,63.6738,144.9612
4,IFFT,float64,1024,1024,1024,32,1,NCCL,8,968.8173,150.6353,153.2276,151.1627,0.8011,150.6353
24,FFT,float64,1024,1024,1024,32,1,NCCL,8,880.6245,144.8143,359.0196,167.0838,63.9817,145.4225
24,IFFT,float64,1024,1024,1024,32,1,NCCL,8,1394.2704,149.9569,152.7233,151.0409,0.8409,150.5741
19,FFT,float64,1024,1024,1024,32,1,NCCL,8,809.4186,144.8051,359.3413,166.9735,64.1286,145.4366
19,IFFT,float64,1024,1024,1024,32,1,NCCL,8,1111.7158,150.0208,152.7634,151.2292,0.8751,150.9708
12,FFT,float64,1024,1024,1024,32,1,NCCL,8,901.0733,145.0838,357.9332,166.9119,63.6756,145.0838
12,IFFT,float64,1024,1024,1024,32,1,NCCL,8,912.3865,150.3272,152.7983,151.1003,0.6817,150.5680
14,FFT,float64,1024,1024,1024,32,1,NCCL,8,901.2390,144.8066,358.7738,166.8093,63.9904,145.1102
14,IFFT,float64,1024,1024,1024,32,1,NCCL,8,1112.8644,150.5227,153.0904,151.2963,0.8202,150.5227
23,FFT,float64,1024,1024,1024,32,1,NCCL,8,919.2620,144.7413,359.5407,166.8000,64.2485,144.7413
23,IFFT,float64,1024,1024,1024,32,1,NCCL,8,1113.2732,150.5457,152.9326,151.4224,0.6972,151.1257
22,FFT,float64,1024,1024,1024,32,1,NCCL,8,905.6492,144.9533,359.5803,166.9467,64.2129,144.9533
22,IFFT,float64,1024,1024,1024,32,1,NCCL,8,1109.0372,150.4205,152.7766,151.2728,0.6530,151.0253
20,FFT,float64,1024,1024,1024,32,1,NCCL,8,884.2144,144.7446,360.0088,166.9327,64.3600,144.7446
20,IFFT,float64,1024,1024,1024,32,1,NCCL,8,1102.0575,150.5091,152.7451,151.3109,0.6094,151.0257
28,FFT,float64,1024,1024,1024,32,1,NCCL,8,884.5355,144.7842,358.9808,166.9040,64.0275,144.7842
28,IFFT,float64,1024,1024,1024,32,1,NCCL,8,1093.2916,150.4284,153.1714,151.2480,0.7645,150.7354
3,FFT,float64,1024,1024,1024,32,1,NCCL,8,833.3342,144.8623,354.5731,166.3451,62.7433,144.9848
3,IFFT,float64,1024,1024,1024,32,1,NCCL,8,1111.7172,150.3659,153.0751,151.3606,0.8073,150.7320
0,FFT,float64,1024,1024,1024,32,1,NCCL,8,830.1238,144.7473,353.9166,166.5464,62.4583,146.0877
0,IFFT,float64,1024,1024,1024,32,1,NCCL,8,1097.2941,150.3247,152.2781,151.0706,0.5872,150.3971
25,FFT,float64,1024,1024,1024,32,1,NCCL,8,880.8952,144.8524,358.9460,167.0346,63.9741,145.4576
25,IFFT,float64,1024,1024,1024,32,1,NCCL,8,1347.6697,149.9894,152.7206,151.0750,0.9111,150.5841
7,FFT,float64,1024,1024,1024,32,1,NCCL,8,804.6420,144.7297,357.7096,166.7520,63.6568,144.7297
7,IFFT,float64,1024,1024,1024,32,1,NCCL,8,1218.7968,150.4800,153.2927,151.2734,0.8721,150.7131
6,FFT,float64,1024,1024,1024,32,1,NCCL,8,852.0840,144.7391,357.5078,166.6740,63.6143,144.7763
6,IFFT,float64,1024,1024,1024,32,1,NCCL,8,938.9932,150.4684,153.3536,151.3382,0.8453,150.6704
16,FFT,float64,1024,1024,1024,32,1,NCCL,8,862.1799,144.7376,359.0460,166.9845,64.0239,145.5239
16,IFFT,float64,1024,1024,1024,32,1,NCCL,8,1025.3585,150.3438,152.9655,151.1789,0.7956,150.6373
18,FFT,float64,1024,1024,1024,32,1,NCCL,8,806.6053,144.6449,359.4835,166.9552,64.1801,145.3283
18,IFFT,float64,1024,1024,1024,32,1,NCCL,8,1114.3155,150.2647,153.2422,151.2286,0.9163,150.8790
21,FFT,float64,1024,1024,1024,32,1,NCCL,8,884.1627,144.5800,359.9154,166.9078,64.3383,144.5800
21,IFFT,float64,1024,1024,1024,32,1,NCCL,8,1086.4465,150.2871,152.8885,151.3121,0.7416,150.9510
2,FFT,float64,1024,1024,1024,32,1,NCCL,8,851.1629,144.5350,354.3192,166.2125,62.7039,144.5350
2,IFFT,float64,1024,1024,1024,32,1,NCCL,8,1116.1017,150.1834,153.4245,151.4761,0.9218,150.9566
1,FFT,float64,1024,1024,1024,32,1,NCCL,8,909.6361,144.9425,354.2259,166.5583,62.5568,145.7352
1,IFFT,float64,1024,1024,1024,32,1,NCCL,8,1056.3761,150.2724,152.5194,151.0813,0.6935,150.3418
9,FFT,float64,1024,1024,1024,32,1,NCCL,8,909.2373,145.4449,357.3866,167.3455,63.3507,146.0759
9,IFFT,float64,1024,1024,1024,32,1,NCCL,8,1075.8664,149.3855,152.1962,150.5691,0.7991,150.2696
27,FFT,float64,1024,1024,1024,32,1,NCCL,8,879.2144,144.7874,358.9636,166.9529,64.0074,145.5092
27,IFFT,float64,1024,1024,1024,32,1,NCCL,8,1321.5502,150.2583,152.8983,151.2250,0.8150,150.6630
17,FFT,float64,1024,1024,1024,32,1,NCCL,8,817.3147,144.8625,358.8361,166.9391,63.9709,145.4212
17,IFFT,float64,1024,1024,1024,32,1,NCCL,8,1087.3923,150.2759,153.0389,151.1885,0.8732,150.6999
15,FFT,float64,1024,1024,1024,32,1,NCCL,8,893.5133,144.9043,358.5574,166.8769,63.8966,145.0220
15,IFFT,float64,1024,1024,1024,32,1,NCCL,8,1103.6516,150.3151,153.1912,151.2089,0.8705,150.4807
31,FFT,float64,1024,1024,1024,32,1,NCCL,8,882.7823,144.6590,359.1367,166.7695,64.1243,144.7682
31,IFFT,float64,1024,1024,1024,32,1,NCCL,8,1074.0651,150.6558,153.2886,151.4115,0.7887,150.7919
29,FFT,float64,1024,1024,1024,32,1,NCCL,8,884.4293,144.7055,359.1523,166.8428,64.1055,144.7055
29,IFFT,float64,1024,1024,1024,32,1,NCCL,8,1106.6539,150.4979,153.4530,151.3143,0.9250,150.5628
30,FFT,float64,1024,1024,1024,32,1,NCCL,8,882.7876,144.9027,358.6388,166.8139,63.9438,144.9027
30,IFFT,float64,1024,1024,1024,32,1,NCCL,8,1116.9705,150.3598,153.1883,151.2966,0.8525,150.5916
11,FFT,float64,1024,1024,1024,32,1,NCCL,8,892.4604,144.5830,358.0112,166.6538,63.7887,145.0853
11,IFFT,float64,1024,1024,1024,32,1,NCCL,8,1113.8731,150.4419,153.2558,151.4279,0.8295,151.1661
10,FFT,float64,1024,1024,1024,32,1,NCCL,8,892.2938,144.5407,358.0057,166.6624,63.7838,145.1586
10,IFFT,float64,1024,1024,1024,32,1,NCCL,8,1118.3834,150.4791,152.8094,151.3582,0.7299,150.9773
26,FFT,float64,1024,1024,1024,32,1,NCCL,8,879.3189,144.8387,359.3354,167.0165,64.1105,145.4880
26,IFFT,float64,1024,1024,1024,32,1,NCCL,8,1327.2242,150.3067,152.8333,151.1807,0.7770,150.8516
8,FFT,float64,1024,1024,1024,32,1,NCCL,8,896.3761,144.6259,357.4774,166.6465,63.6140,145.2327
8,IFFT,float64,1024,1024,1024,32,1,NCCL,8,1101.6982,150.1433,153.0989,151.3477,0.8466,150.8150
30,FFT,float64,2048,2048,2048,4,8,NCCL,8,2521.9343,1890.2638,2972.9084,2854.9283,321.6838,2970.2142
30,IFFT,float64,2048,2048,2048,4,8,NCCL,8,7013.6168,6658.3033,6688.7651,6671.6565,9.1905,6682.4250
31,FFT,float64,2048,2048,2048,4,8,NCCL,8,2499.5802,1889.2314,2973.2456,2855.0678,322.0568,2968.2726
31,IFFT,float64,2048,2048,2048,4,8,NCCL,8,7013.8081,6657.8554,6689.4476,6671.3869,9.5544,6684.1936
0,FFT,float64,2048,2048,2048,4,8,NCCL,8,2408.9994,1889.3644,2965.9442,2851.2177,320.6555,2965.3723
0,IFFT,float64,2048,2048,2048,4,8,NCCL,8,7019.7693,6664.5547,6684.8798,6676.1195,6.4265,6680.1410
21,FFT,float64,2048,2048,2048,4,8,NCCL,8,2461.4320,1892.8877,2971.4051,2851.3191,319.5285,2960.2934
21,IFFT,float64,2048,2048,2048,4,8,NCCL,8,7032.9098,6664.0170,6686.4773,6676.9108,7.2999,6683.4676
20,FFT,float64,2048,2048,2048,4,8,NCCL,8,2462.3815,1891.9990,2970.8039,2851.2418,319.7941,2957.5757
20,IFFT,float64,2048,2048,2048,4,8,NCCL,8,7031.5708,6663.3579,6686.3531,6676.8099,7.7629,6686.0669
11,FFT,float64,2048,2048,2048,4,8,NCCL,8,2446.3391,1888.9310,2978.1781,2854.9542,322.1072,2978.1781
11,IFFT,float64,2048,2048,2048,4,8,NCCL,8,7024.2905,6655.7821,6684.2777,6671.8674,8.0971,6676.7082
1,FFT,float64,2048,2048,2048,4,8,NCCL,8,2408.7032,1889.5391,2966.2654,2851.3045,320.6314,2965.3449
1,IFFT,float64,2048,2048,2048,4,8,NCCL,8,7019.6521,6664.4156,6685.8117,6676.0423,6.7815,6680.1899
10,FFT,float64,2048,2048,2048,4,8,NCCL,8,2450.1492,1886.8586,2978.1424,2854.3600,322.6070,2978.1424
10,IFFT,float64,2048,2048,2048,4,8,NCCL,8,7020.6153,6656.0113,6684.1603,6672.3359,7.8091,6676.4728
7,FFT,float64,2048,2048,2048,4,8,NCCL,8,2461.3593,1814.9831,1897.1876,1863.4517,26.8228,1859.0762
7,IFFT,float64,2048,2048,2048,4,8,NCCL,8,8117.0349,7724.5730,7822.1121,7773.0550,29.1975,7778.1180
24,FFT,float64,2048,2048,2048,4,8,NCCL,8,2491.7517,1814.4709,1889.3823,1855.8344,25.0354,1845.3571
24,IFFT,float64,2048,2048,2048,4,8,NCCL,8,8096.4697,7730.7567,7816.1605,7781.1637,25.0803,7774.3958
6,FFT,float64,2048,2048,2048,4,8,NCCL,8,2462.8016,1809.6834,1891.3388,1852.7544,25.9112,1836.0191
6,IFFT,float64,2048,2048,2048,4,8,NCCL,8,8113.6575,7731.5642,7827.1844,7784.2579,28.5548,7783.8245
25,FFT,float64,2048,2048,2048,4,8,NCCL,8,2491.4918,1817.8317,1897.7491,1866.2558,26.7828,1867.4723
25,IFFT,float64,2048,2048,2048,4,8,NCCL,8,8097.9214,7723.8989,7810.9980,7770.2880,26.3429,7769.7172
3,FFT,float64,2048,2048,2048,4,8,NCCL,8,2446.4837,1743.1326,1889.4636,1773.6297,40.3089,1773.3735
3,IFFT,float64,2048,2048,2048,4,8,NCCL,8,8209.6552,7845.7306,7900.6748,7872.2135,15.1871,7864.4967
18,FFT,float64,2048,2048,2048,4,8,NCCL,8,2475.3777,1856.7475,1899.1101,1879.4178,12.6334,1884.1926
18,IFFT,float64,2048,2048,2048,4,8,NCCL,8,8143.7228,7739.6973,7794.9269,7759.8058,14.1854,7794.9269
12,FFT,float64,2048,2048,2048,4,8,NCCL,8,2447.4939,1858.5553,1903.8062,1879.6424,13.2716,1874.7197
12,IFFT,float64,2048,2048,2048,4,8,NCCL,8,8134.3712,7739.7467,7804.2299,7759.3430,16.7718,7804.2299
23,FFT,float64,2048,2048,2048,4,8,NCCL,8,2471.6035,1722.8615,1892.2781,1768.0007,45.0432,1736.9233
23,IFFT,float64,2048,2048,2048,4,8,NCCL,8,8228.0012,7852.1869,7915.2647,7880.4851,20.1198,7898.7717
29,FFT,float64,2048,2048,2048,4,8,NCCL,8,2519.9253,1721.1681,1888.6502,1772.6945,43.1072,1749.4228
29,IFFT,float64,2048,2048,2048,4,8,NCCL,8,8208.0835,7853.5239,7910.0799,7875.5741,17.7304,7886.3435
8,FFT,float64,2048,2048,2048,4,8,NCCL,8,2511.8239,1730.6374,1887.9574,1762.6767,43.6486,1767.6688
8,IFFT,float64,2048,2048,2048,4,8,NCCL,8,8203.5024,7858.3389,7907.6377,7882.6206,16.4288,7862.6846
2,FFT,float64,2048,2048,2048,4,8,NCCL,8,2462.0239,1732.6013,1888.6790,1763.5388,43.6566,1772.5125
2,IFFT,float64,2048,2048,2048,4,8,NCCL,8,8203.7690,7856.0616,7909.5291,7881.5930,17.3471,7858.0089
22,FFT,float64,2048,2048,2048,4,8,NCCL,8,2477.1911,1730.0471,1892.6071,1772.5163,44.7933,1732.2573
22,IFFT,float64,2048,2048,2048,4,8,NCCL,8,8221.7571,7845.9538,7906.9285,7876.3869,22.5108,7902.2533
28,FFT,float64,2048,2048,2048,4,8,NCCL,8,2497.8934,1729.1889,1889.4650,1775.8093,43.0261,1737.8896
28,IFFT,float64,2048,2048,2048,4,8,NCCL,8,8201.4438,7847.9642,7901.8320,7872.8950,20.6349,7896.6367
9,FFT,float64,2048,2048,2048,4,8,NCCL,8,2509.3881,1740.1263,1882.1713,1771.9135,38.7674,1768.6487
9,IFFT,float64,2048,2048,2048,4,8,NCCL,8,8212.3457,7853.8482,7894.3846,7874.0469,13.6227,7869.1941
27,FFT,float64,2048,2048,2048,4,8,NCCL,8,2493.4135,1679.4687,1888.2927,1713.8547,59.1445,1716.5520
27,IFFT,float64,2048,2048,2048,4,8,NCCL,8,8281.7152,7930.4755,7955.8033,7939.6741,6.5049,7938.5288
26,FFT,float64,2048,2048,2048,4,8,NCCL,8,2492.1347,1680.7421,1890.1267,1715.3512,59.3088,1717.4178
26,IFFT,float64,2048,2048,2048,4,8,NCCL,8,8279.4055,7928.2393,7954.5773,7938.2888,6.8001,7938.0882
19,FFT,float64,2048,2048,2048,4,8,NCCL,8,2475.6323,1854.2459,1894.4652,1876.4390,14.1437,1887.6074
19,IFFT,float64,2048,2048,2048,4,8,NCCL,8,8147.5026,7744.0438,7804.0911,7763.8186,15.9071,7804.0911
13,FFT,float64,2048,2048,2048,4,8,NCCL,8,2499.3049,1852.4381,1901.8448,1877.6401,14.5623,1883.8969
13,IFFT,float64,2048,2048,2048,4,8,NCCL,8,8138.0599,7744.8882,7808.4092,7762.3691,17.7803,7808.4092
4,FFT,float64,2048,2048,2048,4,8,NCCL,8,2470.1188,1685.9650,1892.6598,1711.8899,60.4083,1691.8428
4,IFFT,float64,2048,2048,2048,4,8,NCCL,8,8292.2645,7929.4830,7951.4963,7942.5525,7.1003,7951.4963
17,FFT,float64,2048,2048,2048,4,8,NCCL,8,2470.2252,1681.4262,1889.6464,1706.8098,61.1050,1691.7570
17,IFFT,float64,2048,2048,2048,4,8,NCCL,8,8298.1263,7937.0501,7957.5035,7948.1040,6.5997,7952.2709
16,FFT,float64,2048,2048,2048,4,8,NCCL,8,2502.2628,1685.3032,1890.2270,1710.4685,60.1351,1694.8676
16,IFFT,float64,2048,2048,2048,4,8,NCCL,8,8300.4139,7933.9851,7952.2039,7944.0008,5.8748,7948.6929
5,FFT,float64,2048,2048,2048,4,8,NCCL,8,2466.2450,1684.0131,1890.5567,1709.0851,60.6146,1692.3321
5,IFFT,float64,2048,2048,2048,4,8,NCCL,8,8292.0900,7932.4801,7955.2337,7945.8509,6.9320,7951.7366
15,FFT,float64,2048,2048,2048,4,8,NCCL,8,2455.7951,1678.3050,1890.4409,1711.2109,60.2071,1705.3688
15,IFFT,float64,2048,2048,2048,4,8,NCCL,8,8292.0356,7927.7779,7960.9263,7942.2586,9.2258,7949.4248
14,FFT,float64,2048,2048,2048,4,8,NCCL,8,2455.7725,1680.5522,1890.4562,1713.1644,59.5883,1706.2807
14,IFFT,float64,2048,2048,2048,4,8,NCCL,8,8289.4255,7925.8118,7955.8910,7940.2504,8.5194,7948.8090
9,FFT,float64,2048,2048,2048,8,4,NCCL,8,1914.5558,1448.6008,2544.3802,2424.0682,325.3426,2541.7620
9,IFFT,float64,2048,2048,2048,8,4,NCCL,8,8746.4919,8495.3504,8555.5421,8518.7432,18.8784,8505.4879
13,FFT,float64,2048,2048,2048,8,4,NCCL,8,1913.6937,1447.2355,2536.4854,2414.4383,322.6098,2532.3800
13,IFFT,float64,2048,2048,2048,8,4,NCCL,8,8753.4388,8504.7689,8574.9000,8528.9529,21.5006,8515.6896
4,FFT,float64,2048,2048,2048,8,4,NCCL,8,1819.0569,1447.8351,2504.3071,2386.2024,312.9711,2504.3071
4,IFFT,float64,2048,2048,2048,8,4,NCCL,8,8816.5677,8531.4583,8605.7950,8560.2548,21.4310,8541.5256
22,FFT,float64,2048,2048,2048,8,4,NCCL,8,1905.5466,1447.7801,2518.8473,2398.3880,317.0598,2508.4231
22,IFFT,float64,2048,2048,2048,8,4,NCCL,8,8804.2303,8519.1708,8589.6472,8547.4529,21.4375,8534.6780
31,FFT,float64,2048,2048,2048,8,4,NCCL,8,1931.4469,1448.8911,2506.5496,2390.1923,313.8581,2506.5496
31,IFFT,float64,2048,2048,2048,8,4,NCCL,8,8807.9370,8526.6015,8591.9645,8555.9749,19.6938,8536.7082
27,FFT,float64,2048,2048,2048,8,4,NCCL,8,1920.7055,1449.3536,2496.8954,2382.5712,311.1081,2488.1520
27,IFFT,float64,2048,2048,2048,8,4,NCCL,8,8808.8231,8533.7836,8592.2297,8563.6605,19.3579,8555.2357
0,FFT,float64,2048,2048,2048,8,4,NCCL,8,1903.5823,1443.4053,2504.2537,2385.6539,314.2581,2504.2537
0,IFFT,float64,2048,2048,2048,8,4,NCCL,8,8816.4610,8531.4858,8605.0533,8560.4013,21.3516,8541.2111
18,FFT,float64,2048,2048,2048,8,4,NCCL,8,1920.9073,1447.9795,2509.2919,2388.1373,313.5784,2488.3572
18,IFFT,float64,2048,2048,2048,8,4,NCCL,8,8807.3317,8527.0704,8589.8296,8557.6279,21.3223,8554.1761
5,FFT,float64,2048,2048,2048,8,4,NCCL,8,1828.3203,1448.8378,1624.4626,1596.5721,50.1706,1624.4626
5,IFFT,float64,2048,2048,2048,8,4,NCCL,8,9578.4378,9303.8352,9484.8991,9426.1549,45.5289,9303.8352
12,FFT,float64,2048,2048,2048,8,4,NCCL,8,1907.0069,1446.4719,1621.9096,1593.3887,49.8579,1620.8697
12,IFFT,float64,2048,2048,2048,8,4,NCCL,8,9576.3447,9307.3825,9487.6475,9429.1435,45.6486,9307.3825
26,FFT,float64,2048,2048,2048,8,4,NCCL,8,1916.2501,1448.2070,1614.7959,1591.0790,47.8080,1614.2578
26,IFFT,float64,2048,2048,2048,8,4,NCCL,8,9580.1588,9324.2692,9472.5827,9431.9995,39.8306,9324.2692
19,FFT,float64,2048,2048,2048,8,4,NCCL,8,1908.6546,1449.2846,1612.0300,1588.6414,46.7115,1612.0300
19,IFFT,float64,2048,2048,2048,8,4,NCCL,8,9580.3576,9326.5238,9473.3067,9434.4585,39.8590,9326.5238
8,FFT,float64,2048,2048,2048,8,4,NCCL,8,1914.5315,1448.1220,1609.8995,1583.0323,46.0783,1608.2064
8,IFFT,float64,2048,2048,2048,8,4,NCCL,8,9597.9178,9332.9039,9490.5652,9442.5803,39.5880,9332.9039
1,FFT,float64,2048,2048,2048,8,4,NCCL,8,1903.4316,1443.9585,1608.6268,1581.2747,46.9827,1607.6299
1,IFFT,float64,2048,2048,2048,8,4,NCCL,8,9601.9639,9333.5487,9500.1801,9443.9734,40.7267,9333.5487
23,FFT,float64,2048,2048,2048,8,4,NCCL,8,1888.9844,1448.2180,1625.5416,1593.8295,48.9358,1625.5416
23,IFFT,float64,2048,2048,2048,8,4,NCCL,8,9582.9678,9311.7365,9472.5081,9429.7613,42.8424,9311.7365
30,FFT,float64,2048,2048,2048,8,4,NCCL,8,1862.0632,1448.7954,1625.6887,1593.3753,48.6278,1625.6887
30,IFFT,float64,2048,2048,2048,8,4,NCCL,8,9583.8697,9311.4353,9473.2124,9430.3047,43.0819,9311.4353
17,FFT,float64,2048,2048,2048,8,4,NCCL,8,1920.6721,1254.0985,1448.1511,1286.5254,55.1890,1264.6846
17,IFFT,float64,2048,2048,2048,8,4,NCCL,8,10034.9671,9756.8675,9820.0838,9780.9079,19.6198,9771.4233
10,FFT,float64,2048,2048,2048,8,4,NCCL,8,1888.0804,1266.4643,1448.9900,1296.8227,51.8434,1285.7139
10,IFFT,float64,2048,2048,2048,8,4,NCCL,8,10035.4766,9750.5094,9812.5377,9770.6640,21.2812,9750.5094
21,FFT,float64,2048,2048,2048,8,4,NCCL,8,1861.4810,1264.7402,1448.7947,1297.2266,51.7045,1283.5434
21,IFFT,float64,2048,2048,2048,8,4,NCCL,8,10029.9237,9751.2498,9814.0419,9770.3721,21.3296,9752.0194
29,FFT,float64,2048,2048,2048,8,4,NCCL,8,1876.0961,1254.2933,1448.6870,1285.2923,55.0019,1269.0985
29,IFFT,float64,2048,2048,2048,8,4,NCCL,8,10021.6709,9750.8575,9828.6990,9782.7813,21.5112,9756.8445
14,FFT,float64,2048,2048,2048,8,4,NCCL,8,1915.8867,1261.1144,1446.8008,1293.2000,52.1731,1280.6838
14,IFFT,float64,2048,2048,2048,8,4,NCCL,8,10033.5063,9753.5523,9827.2965,9774.1539,24.3647,9755.1773
15,FFT,float64,2048,2048,2048,8,4,NCCL,8,1915.7722,1244.8790,1446.9406,1281.3176,55.9122,1265.6741
15,IFFT,float64,2048,2048,2048,8,4,NCCL,8,10024.7518,9753.1865,9842.1517,9786.5418,24.0645,9760.3338
24,FFT,float64,2048,2048,2048,8,4,NCCL,8,1916.7341,1250.1224,1448.2746,1277.2765,57.2236,1261.6824
24,IFFT,float64,2048,2048,2048,8,4,NCCL,8,10038.9392,9768.4907,9819.5818,9792.2548,15.4450,9788.7927
16,FFT,float64,2048,2048,2048,8,4,NCCL,8,1912.3863,1242.7654,1447.8586,1276.5492,57.9457,1242.7654
16,IFFT,float64,2048,2048,2048,8,4,NCCL,8,10028.3419,9754.9927,9836.2213,9793.7275,23.2646,9799.6711
3,FFT,float64,2048,2048,2048,8,4,NCCL,8,1909.9318,1250.1525,1444.2848,1282.6563,54.5602,1279.0061
3,IFFT,float64,2048,2048,2048,8,4,NCCL,8,10043.8103,9764.4933,9829.4385,9786.5121,18.1896,9771.4869
28,FFT,float64,2048,2048,2048,8,4,NCCL,8,1890.0199,1245.4122,1448.4589,1274.3983,58.3178,1262.7505
28,IFFT,float64,2048,2048,2048,8,4,NCCL,8,10049.3425,9771.4133,9836.0984,9795.8947,18.0626,9778.4051
11,FFT,float64,2048,2048,2048,8,4,NCCL,8,1888.6403,1253.9456,1448.9443,1285.2626,55.3220,1266.9387
11,IFFT,float64,2048,2048,2048,8,4,NCCL,8,10039.4005,9747.7321,9831.0071,9784.1655,24.5151,9770.6683
20,FFT,float64,2048,2048,2048,8,4,NCCL,8,1848.4002,1245.4553,1447.8551,1276.1328,57.6663,1260.0732
20,IFFT,float64,2048,2048,2048,8,4,NCCL,8,10056.8294,9778.9046,9838.4478,9794.8685,18.9283,9786.2805
7,FFT,float64,2048,2048,2048,8,4,NCCL,8,1827.7736,1245.8250,1448.0135,1272.7636,58.6770,1261.8884
7,IFFT,float64,2048,2048,2048,8,4,NCCL,8,10055.9250,9772.0685,9848.1413,9797.4949,20.7991,9779.2005
25,FFT,float64,2048,2048,2048,8,4,NCCL,8,1920.7128,1249.2893,1448.1189,1277.7153,57.4525,1249.2893
25,IFFT,float64,2048,2048,2048,8,4,NCCL,8,10039.1380,9755.1411,9831.7491,9791.7366,24.2673,9788.2355
2,FFT,float64,2048,2048,2048,8,4,NCCL,8,1910.1056,1255.1287,1443.2553,1284.7000,53.7980,1262.9568
2,IFFT,float64,2048,2048,2048,8,4,NCCL,8,10033.0317,9748.6356,9845.6804,9785.1613,26.3338,9779.2594
6,FFT,float64,2048,2048,2048,8,4,NCCL,8,1869.4663,1245.7987,1447.4378,1274.7767,57.7554,1260.3862
6,IFFT,float64,2048,2048,2048,8,4,NCCL,8,10063.3835,9777.5708,9850.2457,9796.1339,21.8628,9786.0300
25,FFT,float64,2048,2048,2048,1,32,NCCL,8,3069.3111,1214.1780,1359.0886,1231.5269,42.5460,1217.6795
25,IFFT,float64,2048,2048,2048,1,32,NCCL,8,1358.6021,1161.0148,1163.3269,1162.2912,0.7216,1161.8098
26,FFT,float64,2048,2048,2048,1,32,NCCL,8,3119.4703,1215.2106,1359.9067,1231.3626,42.8633,1216.0586
26,IFFT,float64,2048,2048,2048,1,32,NCCL,8,1359.8078,1161.4294,1166.7486,1163.0891,1.4771,1166.7486
4,FFT,float64,2048,2048,2048,1,32,NCCL,8,3130.6090,1215.2750,1357.8390,1231.2064,42.2214,1215.8808
4,IFFT,float64,2048,2048,2048,1,32,NCCL,8,1359.1094,1161.4407,1167.5135,1163.1209,1.7151,1167.5135
1,FFT,float64,2048,2048,2048,1,32,NCCL,8,3114.6817,1214.5334,1354.0984,1230.4493,41.2454,1217.9844
1,IFFT,float64,2048,2048,2048,1,32,NCCL,8,1358.1256,1161.8472,1164.0703,1163.0365,0.8185,1162.9960
27,FFT,float64,2048,2048,2048,1,32,NCCL,8,3067.0710,1215.0839,1360.1451,1231.5854,42.8731,1217.9712
27,IFFT,float64,2048,2048,2048,1,32,NCCL,8,1358.0158,1161.1246,1163.5402,1162.3079,0.7109,1161.2912
24,FFT,float64,2048,2048,2048,1,32,NCCL,8,3072.1361,1214.4188,1359.2485,1231.2189,42.6984,1217.7181
24,IFFT,float64,2048,2048,2048,1,32,NCCL,8,1358.8337,1161.3302,1167.9025,1163.2137,1.7494,1167.9025
12,FFT,float64,2048,2048,2048,1,32,NCCL,8,3074.8100,1215.4204,1357.9751,1231.4012,42.2034,1216.5677
12,IFFT,float64,2048,2048,2048,1,32,NCCL,8,1358.6930,1160.9853,1167.5303,1162.9101,1.7969,1167.5303
3,FFT,float64,2048,2048,2048,1,32,NCCL,8,3143.1514,1214.9333,1354.3498,1230.8206,41.2002,1217.9262
3,IFFT,float64,2048,2048,2048,1,32,NCCL,8,1360.2613,1161.4528,1164.5267,1162.7536,0.8687,1162.9840
16,FFT,float64,2048,2048,2048,1,32,NCCL,8,3153.8178,1215.7090,1359.0807,1231.2808,42.6118,1216.1780
16,IFFT,float64,2048,2048,2048,1,32,NCCL,8,1359.0297,1160.6423,1167.8884,1163.1398,1.8944,1167.8884
19,FFT,float64,2048,2048,2048,1,32,NCCL,8,3137.3452,1215.3542,1359.2029,1231.2238,42.6755,1215.3542
19,IFFT,float64,2048,2048,2048,1,32,NCCL,8,1359.6988,1161.0788,1166.6567,1163.1445,1.6018,1166.6567
28,FFT,float64,2048,2048,2048,1,32,NCCL,8,3144.2389,1215.2572,1358.4495,1231.6007,42.3012,1217.5430
28,IFFT,float64,2048,2048,2048,1,32,NCCL,8,1359.1292,1160.9287,1168.3499,1162.7995,1.9745,1168.3499
15,FFT,float64,2048,2048,2048,1,32,NCCL,8,3060.0827,1215.3232,1356.9159,1230.9196,42.0076,1215.9222
15,IFFT,float64,2048,2048,2048,1,32,NCCL,8,1359.3030,1161.3013,1166.3124,1163.3557,1.6003,1166.3124
2,FFT,float64,2048,2048,2048,1,32,NCCL,8,3144.1242,1214.6842,1354.6799,1230.7606,41.3289,1217.3090
2,IFFT,float64,2048,2048,2048,1,32,NCCL,8,1357.7860,1161.6607,1163.8674,1162.7739,0.7462,1163.4219
8,FFT,float64,2048,2048,2048,1,32,NCCL,8,3139.8606,1216.8477,1358.4525,1232.9385,41.8539,1218.0978
8,IFFT,float64,2048,2048,2048,1,32,NCCL,8,1354.8743,1158.8376,1166.0982,1161.4399,2.0011,1166.0982
10,FFT,float64,2048,2048,2048,1,32,NCCL,8,3136.1151,1217.7143,1360.3670,1233.3246,42.3617,1217.7877
10,IFFT,float64,2048,2048,2048,1,32,NCCL,8,1357.4932,1158.8686,1164.0954,1160.9368,1.5168,1164.0954
18,FFT,float64,2048,2048,2048,1,32,NCCL,8,3136.9244,1215.8125,1358.7842,1231.4349,42.4631,1215.8125
18,IFFT,float64,2048,2048,2048,1,32,NCCL,8,1359.4447,1160.8064,1166.5917,1162.9284,1.5906,1166.5917
22,FFT,float64,2048,2048,2048,1,32,NCCL,8,3110.2740,1215.4788,1358.6331,1231.0625,42.5353,1215.8240
22,IFFT,float64,2048,2048,2048,1,32,NCCL,8,1358.8005,1161.4589,1169.0263,1163.4076,2.0754,1169.0263
5,FFT,float64,2048,2048,2048,1,32,NCCL,8,3114.3537,1215.4332,1358.3792,1231.4813,42.3127,1216.0242
5,IFFT,float64,2048,2048,2048,1,32,NCCL,8,1359.1685,1161.1871,1165.5081,1162.7836,1.3991,1165.5081
31,FFT,float64,2048,2048,2048,1,32,NCCL,8,3137.9554,1215.4797,1357.8480,1231.3377,42.1852,1216.7015
31,IFFT,float64,2048,2048,2048,1,32,NCCL,8,1359.9152,1161.2816,1168.2920,1163.0040,1.9446,1168.2920
30,FFT,float64,2048,2048,2048,1,32,NCCL,8,3138.7874,1215.5631,1358.3690,1231.5441,42.2887,1216.8989
30,IFFT,float64,2048,2048,2048,1,32,NCCL,8,1359.1849,1161.0740,1167.6284,1162.8183,1.8062,1167.6284
13,FFT,float64,2048,2048,2048,1,32,NCCL,8,3046.4817,1215.1804,1357.2767,1230.9564,42.1172,1215.5640
13,IFFT,float64,2048,2048,2048,1,32,NCCL,8,1359.5495,1161.3110,1165.7106,1163.2309,1.3534,1165.7106
14,FFT,float64,2048,2048,2048,1,32,NCCL,8,3090.3047,1215.2490,1358.1075,1231.2369,42.3024,1215.7413
14,IFFT,float64,2048,2048,2048,1,32,NCCL,8,1359.3793,1161.1829,1166.2760,1163.0447,1.5404,1166.2760
0,FFT,float64,2048,2048,2048,1,32,NCCL,8,3115.4180,1215.0277,1353.9596,1230.6202,41.1383,1218.1759
0,IFFT,float64,2048,2048,2048,1,32,NCCL,8,1357.6229,1161.6828,1164.1906,1162.8618,0.8815,1162.6931
9,FFT,float64,2048,2048,2048,1,32,NCCL,8,3125.6636,1206.5837,1347.5969,1222.0787,41.8548,1206.7331
9,IFFT,float64,2048,2048,2048,1,32,NCCL,8,1368.5262,1169.9442,1176.3446,1172.2900,1.8668,1176.3446
17,FFT,float64,2048,2048,2048,1,32,NCCL,8,3154.2900,1215.2608,1358.6203,1231.1104,42.5206,1215.2608
17,IFFT,float64,2048,2048,2048,1,32,NCCL,8,1358.9927,1161.0869,1167.6423,1163.3008,1.7632,1167.6423
29,FFT,float64,2048,2048,2048,1,32,NCCL,8,3146.3822,1215.4860,1358.7288,1231.7317,42.3509,1216.8059
29,IFFT,float64,2048,2048,2048,1,32,NCCL,8,1359.3792,1161.1479,1168.0569,1162.6663,1.9235,1168.0569
11,FFT,float64,2048,2048,2048,1,32,NCCL,8,3136.4571,1217.3811,1358.9003,1233.4462,41.8297,1217.3811
11,IFFT,float64,2048,2048,2048,1,32,NCCL,8,1357.2729,1158.3290,1164.8444,1160.8426,1.8169,1164.8444
21,FFT,float64,2048,2048,2048,1,32,NCCL,8,3116.9742,1215.6425,1359.2650,1231.7060,42.5356,1216.6927
21,IFFT,float64,2048,2048,2048,1,32,NCCL,8,1359.5349,1160.8347,1168.2452,1162.8253,1.9925,1168.2452
7,FFT,float64,2048,2048,2048,1,32,NCCL,8,3131.3291,1215.5024,1357.6864,1231.2612,42.1530,1215.9930
7,IFFT,float64,2048,2048,2048,1,32,NCCL,8,1358.9794,1161.0447,1166.6728,1163.0589,1.6667,1166.6728
6,FFT,float64,2048,2048,2048,1,32,NCCL,8,3115.1639,1215.5351,1357.8456,1231.1320,42.2524,1215.7156
6,IFFT,float64,2048,2048,2048,1,32,NCCL,8,1359.0042,1161.0995,1166.0971,1163.1218,1.5174,1166.0971
20,FFT,float64,2048,2048,2048,1,32,NCCL,8,3117.7784,1215.4950,1359.6125,1231.7365,42.6387,1217.6058
20,IFFT,float64,2048,2048,2048,1,32,NCCL,8,1358.9541,1161.3000,1168.7657,1162.8405,2.0614,1168.7657
23,FFT,float64,2048,2048,2048,1,32,NCCL,8,3118.6724,1215.4860,1359.1068,1231.7019,42.4876,1216.4287
23,IFFT,float64,2048,2048,2048,1,32,NCCL,8,1359.0126,1160.6709,1167.6614,1162.7014,1.8819,1167.6614
9,FFT,float64,2048,2048,2048,32,1,NCCL,8,1827.3997,1163.3663,1310.2537,1180.6791,43.2398,1166.6429
9,IFFT,float64,2048,2048,2048,32,1,NCCL,8,1430.2657,1223.2613,1241.3014,1226.9745,4.9272,1226.1330
10,FFT,float64,2048,2048,2048,32,1,NCCL,8,1855.8557,1153.5953,1318.5039,1172.6786,48.6489,1156.0131
10,IFFT,float64,2048,2048,2048,32,1,NCCL,8,1439.4381,1233.8695,1243.3928,1236.0586,2.7157,1236.3694
8,FFT,float64,2048,2048,2048,32,1,NCCL,8,1854.4129,1154.2782,1320.2987,1172.6676,49.2384,1156.1576
8,IFFT,float64,2048,2048,2048,32,1,NCCL,8,1440.4360,1233.9702,1240.5676,1236.0400,1.7939,1236.5892
28,FFT,float64,2048,2048,2048,32,1,NCCL,8,1936.5358,1154.8200,1327.0341,1173.6982,51.1264,1155.9224
28,IFFT,float64,2048,2048,2048,32,1,NCCL,8,1438.3799,1233.2324,1238.2171,1234.9214,1.2907,1235.3846
29,FFT,float64,2048,2048,2048,32,1,NCCL,8,1922.5308,1154.5120,1327.2117,1174.1521,51.0440,1157.0088
29,IFFT,float64,2048,2048,2048,32,1,NCCL,8,1437.6693,1232.7865,1238.1335,1234.5117,1.4728,1234.6927
31,FFT,float64,2048,2048,2048,32,1,NCCL,8,1921.5113,1154.1681,1327.2618,1174.3551,50.9995,1157.7257
31,IFFT,float64,2048,2048,2048,32,1,NCCL,8,1436.9836,1232.4060,1237.4633,1234.3311,1.4565,1234.1994
11,FFT,float64,2048,2048,2048,32,1,NCCL,8,1842.9312,1153.9845,1312.4649,1171.9476,46.8746,1156.4021
11,IFFT,float64,2048,2048,2048,32,1,NCCL,8,1440.5959,1233.3036,1249.3199,1236.8286,4.3529,1236.6207
6,FFT,float64,2048,2048,2048,32,1,NCCL,8,1863.2686,1155.1807,1324.1542,1174.4843,49.9189,1158.0031
6,IFFT,float64,2048,2048,2048,32,1,NCCL,8,1438.4342,1231.2848,1235.9612,1233.9095,1.2708,1234.2103
19,FFT,float64,2048,2048,2048,32,1,NCCL,8,1953.7987,1156.0174,1325.8020,1175.2773,50.2093,1158.9411
19,IFFT,float64,2048,2048,2048,32,1,NCCL,8,1438.4024,1231.0320,1235.5373,1233.2737,1.2401,1233.8793
24,FFT,float64,2048,2048,2048,32,1,NCCL,8,1886.3135,1156.5892,1325.6345,1174.5286,50.3827,1156.8342
24,IFFT,float64,2048,2048,2048,32,1,NCCL,8,1440.2966,1233.0827,1235.7224,1233.7841,0.7163,1233.5483
26,FFT,float64,2048,2048,2048,32,1,NCCL,8,1884.2147,1155.5767,1328.6308,1175.3403,51.1343,1159.1061
26,IFFT,float64,2048,2048,2048,32,1,NCCL,8,1438.7892,1231.2497,1235.7453,1233.5124,1.2655,1233.9020
13,FFT,float64,2048,2048,2048,32,1,NCCL,8,1896.7848,1154.9915,1325.6033,1174.9140,50.2631,1157.9323
13,IFFT,float64,2048,2048,2048,32,1,NCCL,8,1433.4774,1231.6864,1234.9584,1233.4393,0.8663,1233.8244
21,FFT,float64,2048,2048,2048,32,1,NCCL,8,1877.3607,1153.8317,1328.5618,1174.7417,51.3054,1157.2214
21,IFFT,float64,2048,2048,2048,32,1,NCCL,8,1438.0355,1232.3389,1238.1319,1233.8870,1.5746,1234.4779
22,FFT,float64,2048,2048,2048,32,1,NCCL,8,1876.5967,1154.3166,1328.4236,1174.6540,51.2869,1156.4702
22,IFFT,float64,2048,2048,2048,32,1,NCCL,8,1437.8720,1232.4853,1237.9200,1233.9739,1.5314,1235.2755
30,FFT,float64,2048,2048,2048,32,1,NCCL,8,1963.5922,1154.3704,1327.3517,1174.2401,51.0652,1157.3279
30,IFFT,float64,2048,2048,2048,32,1,NCCL,8,1437.7344,1232.6512,1237.1773,1234.4151,1.2690,1234.3644
1,FFT,float64,2048,2048,2048,32,1,NCCL,8,1859.0673,1155.2184,1297.3133,1170.5221,42.2732,1155.6871
1,IFFT,float64,2048,2048,2048,32,1,NCCL,8,1440.4634,1232.6704,1257.7408,1237.4116,7.1494,1234.5699
16,FFT,float64,2048,2048,2048,32,1,NCCL,8,1956.4687,1156.6445,1326.2609,1174.8839,50.4760,1157.5894
16,IFFT,float64,2048,2048,2048,32,1,NCCL,8,1439.5495,1232.5723,1234.8509,1233.7073,0.6685,1234.8509
27,FFT,float64,2048,2048,2048,32,1,NCCL,8,1930.8283,1155.4827,1328.8369,1174.6033,51.4277,1157.0524
27,IFFT,float64,2048,2048,2048,32,1,NCCL,8,1441.2925,1233.2149,1235.2879,1234.0928,0.7079,1233.8061
14,FFT,float64,2048,2048,2048,32,1,NCCL,8,1923.2321,1155.0545,1325.8370,1174.6297,50.4363,1157.2228
14,IFFT,float64,2048,2048,2048,32,1,NCCL,8,1434.0408,1231.9927,1235.8172,1233.7618,1.0546,1234.2147
20,FFT,float64,2048,2048,2048,32,1,NCCL,8,1875.9141,1155.4168,1328.9129,1174.7314,51.4179,1156.5288
20,IFFT,float64,2048,2048,2048,32,1,NCCL,8,1438.3823,1232.2532,1238.3350,1233.8392,1.6375,1234.7849
2,FFT,float64,2048,2048,2048,32,1,NCCL,8,1859.7593,1154.7599,1322.8593,1173.4580,49.8196,1156.5312
2,IFFT,float64,2048,2048,2048,32,1,NCCL,8,1440.2877,1232.5523,1240.2322,1234.5815,2.0315,1234.1227
5,FFT,float64,2048,2048,2048,32,1,NCCL,8,1864.6661,1154.7475,1324.3031,1174.4143,49.9980,1158.3553
5,IFFT,float64,2048,2048,2048,32,1,NCCL,8,1434.9626,1231.0306,1235.7376,1234.0199,1.3396,1233.8853
7,FFT,float64,2048,2048,2048,32,1,NCCL,8,1863.9426,1155.6281,1324.4207,1174.6019,49.9666,1157.8995
7,IFFT,float64,2048,2048,2048,32,1,NCCL,8,1437.4029,1231.5967,1235.5916,1233.8226,1.1425,1233.8106
18,FFT,float64,2048,2048,2048,32,1,NCCL,8,1953.8594,1155.8149,1326.9962,1175.1278,50.6600,1158.6328
18,IFFT,float64,2048,2048,2048,32,1,NCCL,8,1438.3278,1231.5656,1235.6599,1233.5714,1.0954,1234.1498
17,FFT,float64,2048,2048,2048,32,1,NCCL,8,1983.6300,1156.1795,1326.4800,1175.2074,50.4546,1158.6301
17,IFFT,float64,2048,2048,2048,32,1,NCCL,8,1438.5747,1231.2920,1235.3981,1233.4321,1.0957,1234.2348
25,FFT,float64,2048,2048,2048,32,1,NCCL,8,1944.4258,1155.4738,1325.8559,1173.9980,50.6302,1156.9039
25,IFFT,float64,2048,2048,2048,32,1,NCCL,8,1440.5832,1232.8858,1236.5403,1234.3472,1.2160,1233.8122
15,FFT,float64,2048,2048,2048,32,1,NCCL,8,1983.1156,1155.0580,1326.2165,1174.9666,50.4524,1157.7471
15,IFFT,float64,2048,2048,2048,32,1,NCCL,8,1433.4736,1231.5065,1235.4089,1233.4342,0.9982,1233.9148
23,FFT,float64,2048,2048,2048,32,1,NCCL,8,1980.9793,1156.2621,1330.7319,1176.7262,51.3671,1158.8546
23,IFFT,float64,2048,2048,2048,32,1,NCCL,8,1436.1946,1230.5983,1235.8629,1231.9312,1.4461,1232.8320
0,FFT,float64,2048,2048,2048,32,1,NCCL,8,1911.1641,1154.9745,1299.3540,1170.6255,42.9197,1156.1086
0,IFFT,float64,2048,2048,2048,32,1,NCCL,8,1440.6518,1232.6586,1255.2610,1237.3385,6.4146,1234.2339
4,FFT,float64,2048,2048,2048,32,1,NCCL,8,1865.0815,1154.7094,1324.1606,1174.0382,50.0631,1157.5844
4,IFFT,float64,2048,2048,2048,32,1,NCCL,8,1434.8885,1232.2443,1236.1987,1234.2644,1.1669,1233.7374
12,FFT,float64,2048,2048,2048,32,1,NCCL,8,1896.0589,1155.0985,1325.3039,1173.9990,50.4523,1156.3131
12,IFFT,float64,2048,2048,2048,32,1,NCCL,8,1434.0907,1232.7645,1235.7538,1234.2728,0.9480,1234.8189
3,FFT,float64,2048,2048,2048,32,1,NCCL,8,1859.2138,1155.3410,1322.0751,1172.9068,49.7304,1155.4944
3,IFFT,float64,2048,2048,2048,32,1,NCCL,8,1440.2673,1232.8769,1239.2684,1235.1235,2.2319,1235.0365
