14,FFT,float32,1024,1024,1024,4,4,NCCL,2,8113.4575,168.2175,228.9284,174.8878,18.0183,168.5588
14,IFFT,float32,1024,1024,1024,4,4,NCCL,2,290.3107,167.4981,169.0816,168.4128,0.4265,168.8239
11,FFT,float32,1024,1024,1024,4,4,NCCL,2,8128.0435,168.2957,229.0568,174.8468,18.0724,168.9284
11,IFFT,float32,1024,1024,1024,4,4,NCCL,2,270.4770,167.8105,168.8209,168.3768,0.3099,168.6356
10,FFT,float32,1024,1024,1024,4,4,NCCL,2,8127.5629,168.2065,229.1892,174.8728,18.1121,168.3548
10,IFFT,float32,1024,1024,1024,4,4,NCCL,2,273.6518,167.6652,169.4579,168.4490,0.4925,168.6932
8,FFT,float32,1024,1024,1024,4,4,NCCL,2,8131.4229,167.9125,228.2708,174.1686,18.0348,168.1644
8,IFFT,float32,1024,1024,1024,4,4,NCCL,2,273.9867,168.3854,169.6965,169.0725,0.3492,169.4263
15,FFT,float32,1024,1024,1024,4,4,NCCL,2,8112.9495,168.1799,228.2568,174.8197,17.8190,169.2372
15,IFFT,float32,1024,1024,1024,4,4,NCCL,2,287.3039,167.8791,168.9697,168.4268,0.3508,168.9697
6,FFT,float32,1024,1024,1024,4,4,NCCL,2,8159.8156,168.4615,234.2962,175.5351,19.5915,168.8466
6,IFFT,float32,1024,1024,1024,4,4,NCCL,2,242.8252,167.7185,168.6875,168.2602,0.3280,168.5216
4,FFT,float32,1024,1024,1024,4,4,NCCL,2,8158.9905,167.4734,234.5278,174.8055,19.9103,168.5668
4,IFFT,float32,1024,1024,1024,4,4,NCCL,2,242.7262,168.6557,169.5610,169.0433,0.2425,169.0230
7,FFT,float32,1024,1024,1024,4,4,NCCL,2,8160.4396,168.0577,235.0425,175.5102,19.8508,169.4967
7,IFFT,float32,1024,1024,1024,4,4,NCCL,2,239.7367,167.7751,169.1139,168.4072,0.4301,169.1139
12,FFT,float32,1024,1024,1024,4,4,NCCL,2,8110.0248,167.9135,229.7901,174.4114,18.4610,168.2662
12,IFFT,float32,1024,1024,1024,4,4,NCCL,2,290.9269,168.1584,169.4360,169.0151,0.3551,169.3004
2,FFT,float32,1024,1024,1024,4,4,NCCL,2,8171.3948,167.5960,233.9915,174.9951,19.6710,168.4690
2,IFFT,float32,1024,1024,1024,4,4,NCCL,2,232.9882,167.9979,169.3033,168.7975,0.4569,168.9875
1,FFT,float32,1024,1024,1024,4,4,NCCL,2,8173.0419,167.2777,233.9864,174.4023,19.8632,168.0348
1,IFFT,float32,1024,1024,1024,4,4,NCCL,2,232.9681,168.7005,170.2287,169.3943,0.4405,169.6713
13,FFT,float32,1024,1024,1024,4,4,NCCL,2,8109.6420,167.6385,229.3610,174.2093,18.3852,167.6385
13,IFFT,float32,1024,1024,1024,4,4,NCCL,2,290.5982,168.5989,169.7781,169.2018,0.3308,169.7781
3,FFT,float32,1024,1024,1024,4,4,NCCL,2,8172.0194,167.6602,233.4626,174.9738,19.5037,168.5822
3,IFFT,float32,1024,1024,1024,4,4,NCCL,2,230.1587,167.3352,169.5247,168.7172,0.6937,169.4330
9,FFT,float32,1024,1024,1024,4,4,NCCL,2,8129.7117,167.5138,228.8044,174.1506,18.2197,167.5138
9,IFFT,float32,1024,1024,1024,4,4,NCCL,2,273.4167,168.6663,169.9365,169.1833,0.3845,169.9365
0,FFT,float32,1024,1024,1024,4,4,NCCL,2,8171.8939,167.4180,235.3629,174.6633,20.2368,168.7524
0,IFFT,float32,1024,1024,1024,4,4,NCCL,2,233.3064,168.0041,170.1046,169.1129,0.5386,168.5295
5,FFT,float32,1024,1024,1024,4,4,NCCL,2,8158.6721,167.3356,235.2247,174.7527,20.1596,167.8653
5,IFFT,float32,1024,1024,1024,4,4,NCCL,2,243.0261,168.6233,169.7135,169.1850,0.3711,169.4706
8,FFT,float32,1024,1024,1024,4,4,MPI,2,9679.9942,229.6838,783.5871,469.6847,170.6042,229.6838
8,IFFT,float32,1024,1024,1024,4,4,MPI,2,776.7440,282.6567,1154.9759,868.5463,303.4958,388.7830
4,FFT,float32,1024,1024,1024,4,4,MPI,2,9878.5976,231.0586,751.1783,452.4072,155.3345,394.1845
4,IFFT,float32,1024,1024,1024,4,4,MPI,2,812.0657,307.0182,1154.0362,885.4794,262.8352,307.0182
12,FFT,float32,1024,1024,1024,4,4,MPI,2,9647.5921,132.0184,763.1121,384.7809,202.8443,143.6245
12,IFFT,float32,1024,1024,1024,4,4,MPI,2,809.7926,350.4458,1230.0358,956.3303,277.4528,350.4458
0,FFT,float32,1024,1024,1024,4,4,MPI,2,9872.3969,120.6679,760.8581,402.5601,208.2674,132.9796
0,IFFT,float32,1024,1024,1024,4,4,MPI,2,686.9018,380.3187,1236.7751,940.6550,280.1719,380.3187
11,FFT,float32,1024,1024,1024,4,4,MPI,2,9683.7972,645.0227,1171.5663,867.8951,156.2569,908.4705
11,IFFT,float32,1024,1024,1024,4,4,MPI,2,641.2722,365.1511,648.4824,479.2072,88.0259,475.8542
3,FFT,float32,1024,1024,1024,4,4,MPI,2,9873.2654,561.1158,1157.2415,917.7148,171.5441,961.6147
3,IFFT,float32,1024,1024,1024,4,4,MPI,2,535.3988,283.8394,635.8111,434.1882,106.0074,466.8113
7,FFT,float32,1024,1024,1024,4,4,MPI,2,9732.6036,569.3342,1045.7207,835.4472,144.1275,976.8592
7,IFFT,float32,1024,1024,1024,4,4,MPI,2,592.5365,399.5025,647.7828,521.7597,72.9357,499.0598
15,FFT,float32,1024,1024,1024,4,4,MPI,2,9656.3090,554.4293,1073.5541,877.0397,158.7688,974.1473
15,IFFT,float32,1024,1024,1024,4,4,MPI,2,649.6177,277.9257,627.6931,479.6765,104.8539,507.0446
2,FFT,float32,1024,1024,1024,4,4,MPI,2,9872.7659,384.7312,1048.3350,696.9489,210.0966,531.6826
2,IFFT,float32,1024,1024,1024,4,4,MPI,2,640.1946,447.9091,924.0110,664.0685,157.4321,558.6702
9,FFT,float32,1024,1024,1024,4,4,MPI,2,9817.3494,206.4556,779.5177,477.9492,201.4698,646.7756
9,IFFT,float32,1024,1024,1024,4,4,MPI,2,675.9968,622.6054,1330.3217,883.6976,217.1678,622.6054
1,FFT,float32,1024,1024,1024,4,4,MPI,2,9858.4050,115.6125,845.4016,420.9530,247.4656,115.6125
1,IFFT,float32,1024,1024,1024,4,4,MPI,2,700.8539,578.4725,1212.8799,942.1562,204.9801,578.4725
10,FFT,float32,1024,1024,1024,4,4,MPI,2,9649.4618,383.0278,1032.6966,673.9696,171.8101,688.6101
10,IFFT,float32,1024,1024,1024,4,4,MPI,2,655.1082,538.6670,1035.4966,691.9828,140.2597,664.8439
13,FFT,float32,1024,1024,1024,4,4,MPI,2,9650.9487,108.6822,763.1558,363.9470,213.2974,115.3185
13,IFFT,float32,1024,1024,1024,4,4,MPI,2,810.7952,601.3750,1290.7288,1002.2402,218.9869,601.3750
5,FFT,float32,1024,1024,1024,4,4,MPI,2,9820.5530,112.4836,752.9308,379.6357,204.7645,222.1254
5,IFFT,float32,1024,1024,1024,4,4,MPI,2,801.7566,602.1400,1329.3945,987.9382,237.2253,602.1400
14,FFT,float32,1024,1024,1024,4,4,MPI,2,9717.5650,325.5553,936.3916,629.0972,193.8596,546.2411
14,IFFT,float32,1024,1024,1024,4,4,MPI,2,766.9978,582.7683,912.9010,738.4187,118.9617,615.6743
6,FFT,float32,1024,1024,1024,4,4,MPI,2,9732.4426,331.6109,956.5853,665.4175,161.8218,735.4097
6,IFFT,float32,1024,1024,1024,4,4,MPI,2,705.8725,560.1948,1036.4831,703.4630,138.1324,616.0993
7,FFT,float32,1024,1024,1024,1,16,NCCL,2,6764.6639,184.8491,254.3149,192.6875,20.5475,184.8491
7,IFFT,float32,1024,1024,1024,1,16,NCCL,2,266.3491,185.9951,188.1133,186.6388,0.6272,186.0493
2,FFT,float32,1024,1024,1024,1,16,NCCL,2,6692.1454,185.0526,254.0211,192.6678,20.4568,185.0526
2,IFFT,float32,1024,1024,1024,1,16,NCCL,2,266.2993,185.9282,188.1656,186.6612,0.6895,185.9977
10,FFT,float32,1024,1024,1024,1,16,NCCL,2,6659.1135,183.8346,251.5312,192.1414,19.8118,183.8346
10,IFFT,float32,1024,1024,1024,1,16,NCCL,2,264.8312,185.9302,188.0800,186.9305,0.6556,186.8124
0,FFT,float32,1024,1024,1024,1,16,NCCL,2,6783.0005,184.9954,255.4263,192.8793,20.8559,184.9954
0,IFFT,float32,1024,1024,1024,1,16,NCCL,2,266.2096,185.7392,188.1072,186.5820,0.7124,185.9799
13,FFT,float32,1024,1024,1024,1,16,NCCL,2,6787.6462,184.4732,250.7233,192.2484,19.5003,184.4732
13,IFFT,float32,1024,1024,1024,1,16,NCCL,2,263.9541,186.1671,189.5192,186.9007,0.9554,186.1671
6,FFT,float32,1024,1024,1024,1,16,NCCL,2,6693.3072,184.7790,253.6245,192.6124,20.3431,184.7790
6,IFFT,float32,1024,1024,1024,1,16,NCCL,2,266.3380,186.0251,188.1166,186.6712,0.6345,186.0685
11,FFT,float32,1024,1024,1024,1,16,NCCL,2,6779.8941,183.9153,251.1594,192.0734,19.7094,183.9153
11,IFFT,float32,1024,1024,1024,1,16,NCCL,2,264.1796,185.7968,188.0704,186.9793,0.6754,186.6785
1,FFT,float32,1024,1024,1024,1,16,NCCL,2,6706.1576,184.9236,255.0802,192.8514,20.7501,184.9236
1,IFFT,float32,1024,1024,1024,1,16,NCCL,2,266.3830,185.8444,187.7831,186.5752,0.6150,186.1315
15,FFT,float32,1024,1024,1024,1,16,NCCL,2,6661.0437,183.5081,250.6645,191.9620,19.5840,183.5081
15,IFFT,float32,1024,1024,1024,1,16,NCCL,2,266.6489,185.7378,188.7091,187.0602,0.9240,186.9515
5,FFT,float32,1024,1024,1024,1,16,NCCL,2,6780.0346,184.9112,254.3994,192.7278,20.5629,184.9112
5,IFFT,float32,1024,1024,1024,1,16,NCCL,2,266.3087,185.9585,188.0848,186.6161,0.6525,186.1102
14,FFT,float32,1024,1024,1024,1,16,NCCL,2,6667.3640,183.5579,250.1113,191.9033,19.4198,183.5579
14,IFFT,float32,1024,1024,1024,1,16,NCCL,2,266.0625,185.6682,188.6783,187.0572,0.9441,186.8773
4,FFT,float32,1024,1024,1024,1,16,NCCL,2,6788.3183,184.9408,253.8090,192.6991,20.3751,184.9408
4,IFFT,float32,1024,1024,1024,1,16,NCCL,2,266.3559,186.0282,188.1792,186.6136,0.6727,186.0282
8,FFT,float32,1024,1024,1024,1,16,NCCL,2,6704.1105,184.3489,251.5202,192.0635,19.8321,184.3489
8,IFFT,float32,1024,1024,1024,1,16,NCCL,2,263.9130,185.2860,188.0836,187.0001,0.9047,186.2265
3,FFT,float32,1024,1024,1024,1,16,NCCL,2,6710.0891,184.9219,254.8207,192.6900,20.7170,184.9219
3,IFFT,float32,1024,1024,1024,1,16,NCCL,2,266.2794,185.9695,188.0262,186.6974,0.6704,186.0245
12,FFT,float32,1024,1024,1024,1,16,NCCL,2,6784.9032,184.2805,250.2481,192.2552,19.3423,184.2805
12,IFFT,float32,1024,1024,1024,1,16,NCCL,2,264.4819,185.8038,188.3708,186.7257,0.7414,186.1611
9,FFT,float32,1024,1024,1024,1,16,NCCL,2,6655.3747,184.6420,251.8594,192.1921,19.9040,184.7330
9,IFFT,float32,1024,1024,1024,1,16,NCCL,2,264.0118,185.0484,188.0914,186.9173,1.0085,185.9622
9,FFT,float32,1024,1024,1024,1,16,MPI,2,16108.2957,430.9211,1197.5773,872.0931,269.4123,430.9211
9,IFFT,float32,1024,1024,1024,1,16,MPI,2,863.7260,342.4619,1098.1337,691.7563,221.0187,739.3046
3,FFT,float32,1024,1024,1024,1,16,MPI,2,14831.1143,490.3273,1117.2823,721.2411,181.7674,1117.2823
3,IFFT,float32,1024,1024,1024,1,16,MPI,2,2059.8312,544.0535,1124.3097,858.5045,171.2956,635.1437
1,FFT,float32,1024,1024,1024,1,16,MPI,2,13363.2199,457.5028,1098.0968,753.5616,182.7820,1098.0968
1,IFFT,float32,1024,1024,1024,1,16,MPI,2,3549.5586,476.9439,1207.2340,831.4335,234.6264,811.6164
12,FFT,float32,1024,1024,1024,1,16,MPI,2,16301.9722,691.7291,990.6183,816.3936,90.3821,746.2233
12,IFFT,float32,1024,1024,1024,1,16,MPI,2,904.4248,657.3949,914.4216,768.5101,83.7399,753.3390
5,FFT,float32,1024,1024,1024,1,16,MPI,2,15449.4987,519.7443,945.3364,744.2653,112.7599,752.2691
5,IFFT,float32,1024,1024,1024,1,16,MPI,2,1478.1892,770.5290,916.6870,840.7504,42.0998,867.5673
13,FFT,float32,1024,1024,1024,1,16,MPI,2,16144.0085,525.8223,982.5965,819.6658,136.0459,782.5324
13,IFFT,float32,1024,1024,1024,1,16,MPI,2,860.5290,641.5241,1089.9272,765.0455,126.6807,693.4622
4,FFT,float32,1024,1024,1024,1,16,MPI,2,15489.3165,497.1692,1030.8979,759.6719,143.4429,865.3383
4,IFFT,float32,1024,1024,1024,1,16,MPI,2,1494.9075,664.7154,921.3358,827.2365,75.9170,778.4798
11,FFT,float32,1024,1024,1024,1,16,MPI,2,16171.6804,614.0965,849.7710,768.0209,77.2438,796.5416
11,IFFT,float32,1024,1024,1024,1,16,MPI,2,897.8663,501.8308,1030.5031,821.7514,155.6656,501.8308
0,FFT,float32,1024,1024,1024,1,16,MPI,2,13416.2159,496.8622,1138.5463,744.1728,203.5772,1138.5463
0,IFFT,float32,1024,1024,1024,1,16,MPI,2,3523.1287,572.2767,1134.9732,845.6673,187.9516,685.4409
14,FFT,float32,1024,1024,1024,1,16,MPI,2,16128.0107,495.4014,1075.8294,801.9396,169.2585,690.7454
14,IFFT,float32,1024,1024,1024,1,16,MPI,2,890.5396,460.6323,1072.0415,789.1791,157.9530,644.4584
2,FFT,float32,1024,1024,1024,1,16,MPI,2,10740.3911,690.0106,1112.8377,821.9257,114.8365,813.4275
2,IFFT,float32,1024,1024,1024,1,16,MPI,2,6206.8515,543.2559,960.7393,769.4995,132.4858,622.8442
8,FFT,float32,1024,1024,1024,1,16,MPI,2,16296.7361,667.6403,1114.8875,806.7149,135.1466,929.0167
8,IFFT,float32,1024,1024,1024,1,16,MPI,2,870.0240,512.9475,930.7616,785.2960,124.2423,512.9475
6,FFT,float32,1024,1024,1024,1,16,MPI,2,15451.1259,559.4003,1006.0698,779.3740,117.4593,742.7338
6,IFFT,float32,1024,1024,1024,1,16,MPI,2,1589.2359,528.6050,1046.9794,813.7371,139.7075,528.6050
10,FFT,float32,1024,1024,1024,1,16,MPI,2,16145.4337,749.5130,1423.8093,876.1751,188.7380,923.1236
10,IFFT,float32,1024,1024,1024,1,16,MPI,2,925.3946,332.9291,1182.0537,717.2432,230.0461,547.9924
15,FFT,float32,1024,1024,1024,1,16,MPI,2,16178.5533,536.7842,1098.3052,785.0054,137.7027,702.4327
15,IFFT,float32,1024,1024,1024,1,16,MPI,2,913.7284,545.2684,1066.0050,808.0339,160.6859,545.2684
7,FFT,float32,1024,1024,1024,1,16,MPI,2,15459.9973,515.4192,971.1282,755.9215,109.6014,719.2691
7,IFFT,float32,1024,1024,1024,1,16,MPI,2,1583.3704,526.8725,1058.8924,837.9223,154.9555,526.8725
2,FFT,float32,1024,1024,1024,16,1,NCCL,2,6426.5841,184.7717,253.1103,192.6766,20.1544,185.9595
2,IFFT,float32,1024,1024,1024,16,1,NCCL,2,262.3531,185.1426,188.0938,186.1501,0.9052,185.8307
12,FFT,float32,1024,1024,1024,16,1,NCCL,2,6440.3129,185.1594,251.7672,192.6404,19.7191,185.6880
12,IFFT,float32,1024,1024,1024,16,1,NCCL,2,263.3720,184.9997,187.2747,186.1109,0.6949,185.6554
6,FFT,float32,1024,1024,1024,16,1,NCCL,2,6444.7647,184.9895,252.4906,192.7499,19.9244,185.9052
6,IFFT,float32,1024,1024,1024,16,1,NCCL,2,262.8082,183.9378,188.6086,186.0036,1.1651,185.7835
14,FFT,float32,1024,1024,1024,16,1,NCCL,2,6435.8262,184.9883,249.8116,192.1753,19.2206,185.2992
14,IFFT,float32,1024,1024,1024,16,1,NCCL,2,263.5274,185.6613,187.9341,186.5139,0.7355,185.8847
4,FFT,float32,1024,1024,1024,16,1,NCCL,2,6431.5310,184.3646,252.6577,192.5462,20.0566,185.6069
4,IFFT,float32,1024,1024,1024,16,1,NCCL,2,262.9831,184.1778,188.3860,186.2263,1.1282,185.7817
10,FFT,float32,1024,1024,1024,16,1,NCCL,2,6441.9469,185.0797,252.2900,192.3612,19.9796,185.2711
10,IFFT,float32,1024,1024,1024,16,1,NCCL,2,263.2108,185.2620,187.4671,186.3392,0.6691,185.2620
7,FFT,float32,1024,1024,1024,16,1,NCCL,2,6425.6224,185.2048,253.7812,192.7441,20.3511,185.9244
7,IFFT,float32,1024,1024,1024,16,1,NCCL,2,262.7727,184.7870,188.5673,186.1253,1.0519,185.8185
15,FFT,float32,1024,1024,1024,16,1,NCCL,2,6475.9477,184.9572,250.1538,192.1948,19.3269,185.4646
15,IFFT,float32,1024,1024,1024,16,1,NCCL,2,263.4385,185.6575,187.3514,186.4473,0.6058,185.9502
3,FFT,float32,1024,1024,1024,16,1,NCCL,2,6644.7864,184.7122,254.7385,192.8586,20.6376,185.8674
3,IFFT,float32,1024,1024,1024,16,1,NCCL,2,262.4521,184.4097,188.1701,186.1150,1.0113,185.8341
9,FFT,float32,1024,1024,1024,16,1,NCCL,2,6435.4344,184.9601,249.0021,192.2112,18.9442,185.4154
9,IFFT,float32,1024,1024,1024,16,1,NCCL,2,263.3640,184.9263,188.2701,186.3711,0.9971,185.2329
1,FFT,float32,1024,1024,1024,16,1,NCCL,2,6446.0868,184.9020,253.3057,192.6084,20.2441,185.9433
1,IFFT,float32,1024,1024,1024,16,1,NCCL,2,262.9896,185.2475,187.6545,186.2005,0.7995,185.7721
8,FFT,float32,1024,1024,1024,16,1,NCCL,2,6437.4208,184.9965,250.0657,192.3365,19.2571,185.3220
8,IFFT,float32,1024,1024,1024,16,1,NCCL,2,263.4005,185.0808,187.9990,186.3289,0.9199,185.2957
5,FFT,float32,1024,1024,1024,16,1,NCCL,2,6512.0896,184.4469,251.8685,192.3719,19.8467,185.5095
5,IFFT,float32,1024,1024,1024,16,1,NCCL,2,262.9010,184.8862,188.3128,186.2989,1.0167,185.7516
0,FFT,float32,1024,1024,1024,16,1,NCCL,2,6422.5427,184.7115,252.9423,192.5444,20.1436,185.8766
0,IFFT,float32,1024,1024,1024,16,1,NCCL,2,263.2035,185.0971,187.6184,186.2609,0.8101,185.8385
13,FFT,float32,1024,1024,1024,16,1,NCCL,2,6438.2688,185.2501,253.1681,192.7919,20.1363,185.7374
13,IFFT,float32,1024,1024,1024,16,1,NCCL,2,263.3060,184.9968,187.2600,186.0317,0.6873,185.5712
11,FFT,float32,1024,1024,1024,16,1,NCCL,2,6635.3125,184.9345,250.5140,192.1731,19.4511,185.2953
11,IFFT,float32,1024,1024,1024,16,1,NCCL,2,263.1811,185.2633,187.4681,186.4530,0.7224,185.2633
8,FFT,float32,1024,1024,1024,16,1,MPI,2,16529.8607,384.5713,865.9999,667.4597,126.0702,384.5713
8,IFFT,float32,1024,1024,1024,16,1,MPI,2,416.4975,621.7549,896.9483,767.9304,83.4624,715.2302
9,FFT,float32,1024,1024,1024,16,1,MPI,2,16440.5467,247.0403,1058.2352,630.5040,240.7423,530.2483
9,IFFT,float32,1024,1024,1024,16,1,MPI,2,733.6683,582.1890,993.5558,805.1357,139.9987,835.6692
12,FFT,float32,1024,1024,1024,16,1,MPI,2,16443.4392,489.6671,873.4431,663.3820,114.7624,489.6671
12,IFFT,float32,1024,1024,1024,16,1,MPI,2,706.0718,561.8997,1018.5169,776.7710,119.4454,624.2052
11,FFT,float32,1024,1024,1024,16,1,MPI,2,16426.2384,432.5039,968.4052,606.0030,159.5223,478.8318
11,IFFT,float32,1024,1024,1024,16,1,MPI,2,354.3356,575.1560,1041.4524,834.2939,142.1847,575.1560
13,FFT,float32,1024,1024,1024,16,1,MPI,2,16440.5968,518.7989,878.9656,700.5047,111.9278,546.5231
13,IFFT,float32,1024,1024,1024,16,1,MPI,2,727.4777,619.0606,957.1569,743.3661,110.3716,830.7012
0,FFT,float32,1024,1024,1024,16,1,MPI,2,15880.7992,596.9882,948.0013,777.3155,117.2363,916.7816
0,IFFT,float32,1024,1024,1024,16,1,MPI,2,1189.4294,509.1246,861.5623,667.2424,113.5759,584.6871
5,FFT,float32,1024,1024,1024,16,1,MPI,2,16422.8008,682.1519,952.8285,800.0601,81.4191,861.1209
5,IFFT,float32,1024,1024,1024,16,1,MPI,2,734.2514,500.5818,763.2888,649.5419,88.7657,642.2799
15,FFT,float32,1024,1024,1024,16,1,MPI,2,16452.8378,544.2287,966.7862,739.4279,121.1342,599.6581
15,IFFT,float32,1024,1024,1024,16,1,MPI,2,777.6612,589.1606,921.8454,715.8058,127.8550,589.1606
14,FFT,float32,1024,1024,1024,16,1,MPI,2,16621.2559,575.5502,929.8013,729.8917,122.6111,587.8655
14,IFFT,float32,1024,1024,1024,16,1,MPI,2,736.1450,568.2571,944.9781,727.5663,102.5303,731.9570
7,FFT,float32,1024,1024,1024,16,1,MPI,2,16105.8677,525.0402,865.5930,726.7050,133.0233,555.5096
7,IFFT,float32,1024,1024,1024,16,1,MPI,2,1248.6167,561.4200,859.2669,726.8621,98.6852,621.4603
10,FFT,float32,1024,1024,1024,16,1,MPI,2,16512.6209,603.6734,811.2095,691.3107,74.5680,616.8485
10,IFFT,float32,1024,1024,1024,16,1,MPI,2,795.6077,543.8600,862.4799,759.9252,94.8706,543.8600
3,FFT,float32,1024,1024,1024,16,1,MPI,2,16426.4810,550.9058,1019.9692,774.1537,127.4864,732.1881
3,IFFT,float32,1024,1024,1024,16,1,MPI,2,758.5343,492.4262,972.2867,677.4518,155.8218,625.4918
2,FFT,float32,1024,1024,1024,16,1,MPI,2,15908.7252,548.8602,990.8449,759.9196,122.1359,691.2189
2,IFFT,float32,1024,1024,1024,16,1,MPI,2,1307.2422,415.3882,921.0048,695.8785,131.2321,598.4939
1,FFT,float32,1024,1024,1024,16,1,MPI,2,16432.3754,510.9128,1120.3782,832.4055,177.6763,1120.3782
1,IFFT,float32,1024,1024,1024,16,1,MPI,2,763.7604,376.4819,861.8135,617.9869,134.4812,637.0049
4,FFT,float32,1024,1024,1024,16,1,MPI,2,16446.3041,514.8785,973.0105,750.5420,145.3261,973.0105
4,IFFT,float32,1024,1024,1024,16,1,MPI,2,760.1872,551.1295,938.0097,704.3907,122.6643,589.4229
6,FFT,float32,1024,1024,1024,16,1,MPI,2,16405.0232,545.8422,856.4619,729.9020,110.5345,545.8422
6,IFFT,float32,1024,1024,1024,16,1,MPI,2,701.7819,587.1106,834.4872,722.6218,81.5709,616.0156
11,FFT,float32,2048,2048,2048,4,4,NCCL,2,8808.8470,1346.6301,1405.3458,1357.4320,16.3037,1352.9447
11,IFFT,float32,2048,2048,2048,4,4,NCCL,2,1473.0574,1344.5027,1355.0823,1349.3606,3.0524,1344.5027
10,FFT,float32,2048,2048,2048,4,4,NCCL,2,8829.3322,1344.0787,1406.0921,1356.4589,16.9056,1352.3516
10,IFFT,float32,2048,2048,2048,4,4,NCCL,2,1470.7557,1343.5321,1358.1181,1350.6000,4.3204,1347.2799
8,FFT,float32,2048,2048,2048,4,4,NCCL,2,8874.2423,1339.7713,1406.5338,1354.7723,17.7915,1351.0505
8,IFFT,float32,2048,2048,2048,4,4,NCCL,2,1473.2330,1348.4321,1357.5645,1352.7075,2.7651,1350.3632
2,FFT,float32,2048,2048,2048,4,4,NCCL,2,8827.4318,1345.8535,1413.4816,1355.5457,19.4678,1350.2736
2,IFFT,float32,2048,2048,2048,4,4,NCCL,2,1418.7314,1347.0952,1354.6021,1351.7399,2.0331,1347.0952
14,FFT,float32,2048,2048,2048,4,4,NCCL,2,8811.8578,1346.0720,1412.1285,1355.7833,18.9142,1350.6125
14,IFFT,float32,2048,2048,2048,4,4,NCCL,2,1440.0567,1346.9096,1354.1010,1351.3680,2.0466,1346.9096
7,FFT,float32,2048,2048,2048,4,4,NCCL,2,8810.1037,1346.8444,1412.9298,1356.1672,19.0694,1351.9350
7,IFFT,float32,2048,2048,2048,4,4,NCCL,2,1425.9565,1348.7931,1354.9593,1351.4025,1.8849,1348.8489
12,FFT,float32,2048,2048,2048,4,4,NCCL,2,8816.7333,1342.5305,1411.3131,1354.8252,18.9525,1348.7760
12,IFFT,float32,2048,2048,2048,4,4,NCCL,2,1446.1171,1347.9111,1357.5655,1353.1891,2.6935,1354.4419
3,FFT,float32,2048,2048,2048,4,4,NCCL,2,8797.3157,1344.5860,1412.3755,1355.5676,19.1462,1351.2506
3,IFFT,float32,2048,2048,2048,4,4,NCCL,2,1424.3753,1349.0971,1357.1622,1351.9974,2.4119,1349.4538
15,FFT,float32,2048,2048,2048,4,4,NCCL,2,8822.1267,1346.5406,1415.3955,1356.7346,19.7191,1352.0532
15,IFFT,float32,2048,2048,2048,4,4,NCCL,2,1445.8573,1348.3796,1354.7043,1351.0963,1.9887,1348.7089
6,FFT,float32,2048,2048,2048,4,4,NCCL,2,8790.2434,1345.5987,1413.2666,1355.8567,19.2913,1350.4518
6,IFFT,float32,2048,2048,2048,4,4,NCCL,2,1423.2690,1345.9339,1354.6485,1351.2906,2.4276,1345.9339
9,FFT,float32,2048,2048,2048,4,4,NCCL,2,8754.1884,1342.3922,1406.1118,1354.3793,17.7741,1355.7052
9,IFFT,float32,2048,2048,2048,4,4,NCCL,2,1476.5015,1346.1309,1359.0496,1353.5267,3.8571,1353.2953
13,FFT,float32,2048,2048,2048,4,4,NCCL,2,8781.3097,1344.5989,1418.5823,1354.5597,21.3831,1348.6121
13,IFFT,float32,2048,2048,2048,4,4,NCCL,2,1446.3286,1350.7386,1356.6574,1354.2034,1.6747,1355.7490
4,FFT,float32,2048,2048,2048,4,4,NCCL,2,8878.9518,1342.5294,1412.4431,1355.1310,19.2351,1349.4065
4,IFFT,float32,2048,2048,2048,4,4,NCCL,2,1426.1628,1348.0933,1357.5223,1352.8715,2.6087,1353.4003
0,FFT,float32,2048,2048,2048,4,4,NCCL,2,8929.9037,1346.2853,1412.6446,1356.1187,18.9570,1351.1491
0,IFFT,float32,2048,2048,2048,4,4,NCCL,2,1424.1823,1346.8370,1357.8589,1352.0560,3.3076,1354.8469
1,FFT,float32,2048,2048,2048,4,4,NCCL,2,8918.0521,1343.9852,1414.2160,1354.5107,19.9699,1348.1770
1,IFFT,float32,2048,2048,2048,4,4,NCCL,2,1423.4223,1347.9570,1357.1375,1353.8040,2.8434,1356.2247
5,FFT,float32,2048,2048,2048,4,4,NCCL,2,8789.8342,1344.8284,1413.8058,1353.8960,20.0026,1348.3551
5,IFFT,float32,2048,2048,2048,4,4,NCCL,2,1427.7452,1350.5691,1356.3531,1354.3573,1.6351,1355.9343
1,FFT,float32,2048,2048,2048,4,4,MPI,2,13471.8001,5245.2826,8575.7632,6680.4712,1007.6700,7383.5141
1,IFFT,float32,2048,2048,2048,4,4,MPI,2,4243.3247,2947.9392,5466.4570,4319.2471,811.1229,4224.0720
0,FFT,float32,2048,2048,2048,4,4,MPI,2,13532.0208,4309.2817,9169.7845,5830.5225,1345.8788,5351.9049
0,IFFT,float32,2048,2048,2048,4,4,MPI,2,5935.9565,3861.5765,6086.2622,5205.8232,620.2475,4589.8948
13,FFT,float32,2048,2048,2048,4,4,MPI,2,13184.9668,5228.1515,7522.0162,6618.6362,765.6285,5830.3999
13,IFFT,float32,2048,2048,2048,4,4,MPI,2,4797.7598,3630.0577,5473.1937,4478.0273,689.9634,4788.3745
10,FFT,float32,2048,2048,2048,4,4,MPI,2,13294.8216,2437.8743,5795.1585,4513.5312,1142.3368,5034.1892
10,IFFT,float32,2048,2048,2048,4,4,MPI,2,6053.2752,4915.9754,8778.5247,6584.7656,1318.6323,5304.6741
9,FFT,float32,2048,2048,2048,4,4,MPI,2,13378.1224,5440.7134,8677.7390,6627.7769,947.5854,5996.5283
9,IFFT,float32,2048,2048,2048,4,4,MPI,2,4433.3151,2948.8053,5377.8969,4472.8228,747.3005,5327.7287
5,FFT,float32,2048,2048,2048,4,4,MPI,2,13429.8203,5836.4544,7548.8854,6638.4233,633.1946,5841.6569
5,IFFT,float32,2048,2048,2048,4,4,MPI,2,4478.4261,3881.8866,5175.7249,4463.5464,399.4634,4832.6393
2,FFT,float32,2048,2048,2048,4,4,MPI,2,13470.0460,2291.9483,6460.4471,4381.8784,1530.6827,6442.9952
2,IFFT,float32,2048,2048,2048,4,4,MPI,2,6672.8947,4134.6790,8765.2677,6739.7534,1653.6268,5441.6243
8,FFT,float32,2048,2048,2048,4,4,MPI,2,13296.4003,4299.8123,9237.2700,6048.2476,1617.2124,5610.9872
8,IFFT,float32,2048,2048,2048,4,4,MPI,2,4404.9955,3516.0998,6402.0797,5076.6177,740.6567,5572.1790
12,FFT,float32,2048,2048,2048,4,4,MPI,2,13212.6206,5030.8733,7932.7265,6120.6772,836.3547,5468.8913
12,IFFT,float32,2048,2048,2048,4,4,MPI,2,6529.7342,3905.2876,6080.0011,5008.4819,633.7202,5116.1441
4,FFT,float32,2048,2048,2048,4,4,MPI,2,13511.7682,4679.3113,7813.2787,6128.4214,1197.9368,5491.0359
4,IFFT,float32,2048,2048,2048,4,4,MPI,2,6211.3146,4117.4181,6441.6722,5006.3413,672.0495,5161.3003
6,FFT,float32,2048,2048,2048,4,4,MPI,2,13551.6084,1258.5569,6280.8806,4342.3862,1557.4276,5461.1506
6,IFFT,float32,2048,2048,2048,4,4,MPI,2,6587.4973,5040.2455,9034.5940,6805.3472,1390.0361,5290.1468
14,FFT,float32,2048,2048,2048,4,4,MPI,2,13128.3169,1354.9929,5828.3031,3753.0520,1455.7495,5443.4836
14,IFFT,float32,2048,2048,2048,4,4,MPI,2,7034.5899,5054.7497,8964.9849,7394.3955,1454.4469,5298.8630
3,FFT,float32,2048,2048,2048,4,4,MPI,2,13493.0492,2710.4977,5547.6469,4429.5073,950.6411,5368.1700
3,IFFT,float32,2048,2048,2048,4,4,MPI,2,6439.2450,5356.3439,8861.1080,6730.2681,1020.8798,5825.2332
11,FFT,float32,2048,2048,2048,4,4,MPI,2,13329.1617,2700.4343,8691.6102,4772.6958,1681.8774,4206.2085
11,IFFT,float32,2048,2048,2048,4,4,MPI,2,5101.0666,5364.0743,7479.8464,6388.2632,650.0675,5931.7280
7,FFT,float32,2048,2048,2048,4,4,MPI,2,13561.7667,3126.9301,5836.8158,4324.3477,928.4428,3679.2446
7,IFFT,float32,2048,2048,2048,4,4,MPI,2,6692.1969,5438.8316,7633.1076,6838.1978,612.3066,5438.8316
15,FFT,float32,2048,2048,2048,4,4,MPI,2,13175.7841,2964.2661,5828.6561,3987.5085,821.4455,3669.4655
15,IFFT,float32,2048,2048,2048,4,4,MPI,2,7005.7542,5458.2106,8872.6162,7175.9424,909.9941,5458.2106
0,FFT,float32,2048,2048,2048,1,16,NCCL,2,8060.2515,1480.1274,1562.5655,1492.6522,23.4448,1485.2499
0,IFFT,float32,2048,2048,2048,1,16,NCCL,2,1564.6078,1487.6544,1499.1757,1492.0220,3.0087,1493.0173
3,FFT,float32,2048,2048,2048,1,16,NCCL,2,8145.4004,1482.3140,1560.9218,1492.8438,22.7989,1485.6106
3,IFFT,float32,2048,2048,2048,1,16,NCCL,2,1560.2157,1487.7592,1499.1511,1491.6519,2.8687,1492.6983
10,FFT,float32,2048,2048,2048,1,16,NCCL,2,8207.6557,1481.5270,1561.1254,1493.2125,22.8027,1486.9010
10,IFFT,float32,2048,2048,2048,1,16,NCCL,2,1562.7016,1487.7675,1494.5852,1490.8071,1.8775,1487.7675
6,FFT,float32,2048,2048,2048,1,16,NCCL,2,8088.0497,1480.2130,1561.6238,1492.5132,23.1680,1485.4108
6,IFFT,float32,2048,2048,2048,1,16,NCCL,2,1565.1609,1488.2983,1499.1397,1492.0803,2.8800,1492.8856
4,FFT,float32,2048,2048,2048,1,16,NCCL,2,8083.6181,1481.0224,1561.7197,1492.8270,23.0860,1485.4549
4,IFFT,float32,2048,2048,2048,1,16,NCCL,2,1564.7977,1487.9199,1495.8303,1491.7637,2.0207,1492.9189
2,FFT,float32,2048,2048,2048,1,16,NCCL,2,8095.2662,1482.0733,1561.5032,1492.7742,23.0111,1485.3233
2,IFFT,float32,2048,2048,2048,1,16,NCCL,2,1560.7593,1487.9765,1499.1636,1491.7858,2.8459,1492.9901
1,FFT,float32,2048,2048,2048,1,16,NCCL,2,8266.5456,1480.1571,1561.0675,1492.4349,23.0065,1485.4060
1,IFFT,float32,2048,2048,2048,1,16,NCCL,2,1563.4865,1488.0455,1499.2933,1492.0703,2.9586,1493.0629
5,FFT,float32,2048,2048,2048,1,16,NCCL,2,8061.5098,1481.1214,1561.2385,1492.7430,22.9481,1485.1942
5,IFFT,float32,2048,2048,2048,1,16,NCCL,2,1564.5483,1487.9839,1495.9317,1491.7585,2.0057,1492.9996
7,FFT,float32,2048,2048,2048,1,16,NCCL,2,8060.9885,1480.1605,1561.9819,1492.5101,23.2829,1485.1895
7,IFFT,float32,2048,2048,2048,1,16,NCCL,2,1565.8309,1488.1274,1499.2356,1492.1049,2.9312,1492.9428
13,FFT,float32,2048,2048,2048,1,16,NCCL,2,8194.3714,1481.9919,1558.9426,1493.0496,22.0832,1484.8152
13,IFFT,float32,2048,2048,2048,1,16,NCCL,2,1562.4328,1486.7873,1495.7826,1491.2972,2.5626,1495.1385
8,FFT,float32,2048,2048,2048,1,16,NCCL,2,8196.8442,1481.4242,1561.0733,1493.2787,22.7434,1484.5141
8,IFFT,float32,2048,2048,2048,1,16,NCCL,2,1562.6868,1486.3743,1494.8048,1490.6776,2.3075,1489.8043
12,FFT,float32,2048,2048,2048,1,16,NCCL,2,8234.8899,1481.6299,1560.2799,1492.8855,22.5745,1484.8548
12,IFFT,float32,2048,2048,2048,1,16,NCCL,2,1562.4509,1487.7849,1495.7108,1491.5717,2.3078,1494.9262
14,FFT,float32,2048,2048,2048,1,16,NCCL,2,7851.2425,1481.1866,1559.6333,1492.7272,22.5075,1482.6205
14,IFFT,float32,2048,2048,2048,1,16,NCCL,2,1562.4148,1487.6001,1494.5979,1491.2303,1.9546,1490.8588
15,FFT,float32,2048,2048,2048,1,16,NCCL,2,8196.0518,1480.9127,1560.0521,1492.8243,22.6123,1482.6559
15,IFFT,float32,2048,2048,2048,1,16,NCCL,2,1562.6435,1487.7243,1494.5397,1491.1735,1.8544,1490.9260
9,FFT,float32,2048,2048,2048,1,16,NCCL,2,7852.0415,1481.5886,1560.3751,1493.3066,22.4946,1485.0269
9,IFFT,float32,2048,2048,2048,1,16,NCCL,2,1562.6871,1486.3412,1494.6778,1490.5557,2.3070,1489.3363
11,FFT,float32,2048,2048,2048,1,16,NCCL,2,8214.1287,1481.7406,1560.1210,1493.0143,22.5000,1486.5136
11,IFFT,float32,2048,2048,2048,1,16,NCCL,2,1562.7882,1488.2385,1494.6115,1490.9794,1.7978,1488.2385
1,FFT,float32,2048,2048,2048,1,16,MPI,2,21023.7079,2786.8723,7784.7586,5679.0972,1627.0095,3554.6484
1,IFFT,float32,2048,2048,2048,1,16,MPI,2,4313.9194,3921.5065,7822.0873,5530.1733,1220.9586,6739.1508
3,FFT,float32,2048,2048,2048,1,16,MPI,2,21012.8439,4139.5015,7435.4572,5436.7485,952.7915,5750.2710
3,IFFT,float32,2048,2048,2048,1,16,MPI,2,4515.1503,4141.3986,7847.6166,5816.5630,1061.1853,5999.9817
9,FFT,float32,2048,2048,2048,1,16,MPI,2,21182.5940,4130.7180,7491.2779,5295.8745,943.4963,5872.5857
9,IFFT,float32,2048,2048,2048,1,16,MPI,2,4456.7305,4626.0338,7456.6661,6031.3218,846.8007,7456.6661
5,FFT,float32,2048,2048,2048,1,16,MPI,2,19937.5675,3770.0878,6873.0482,5493.7544,960.6289,5536.0288
5,IFFT,float32,2048,2048,2048,1,16,MPI,2,4514.0560,4545.1518,6906.6628,5859.1030,779.3924,6774.3291
11,FFT,float32,2048,2048,2048,1,16,MPI,2,20664.4893,3411.6040,6307.2561,5577.8408,942.5289,6307.2561
11,IFFT,float32,2048,2048,2048,1,16,MPI,2,4855.7204,4472.2382,7109.7116,5784.5396,842.8469,7029.5474
10,FFT,float32,2048,2048,2048,1,16,MPI,2,20824.2954,4168.6941,7212.0242,5500.5503,946.3391,6363.1334
10,IFFT,float32,2048,2048,2048,1,16,MPI,2,4471.0954,5186.4982,7076.7079,5861.7793,563.2985,7076.7079
14,FFT,float32,2048,2048,2048,1,16,MPI,2,20129.4485,4343.1227,7160.3694,5862.9336,751.1913,5860.8738
14,IFFT,float32,2048,2048,2048,1,16,MPI,2,5231.6109,4747.8841,6539.2458,5512.0791,561.0199,4788.7599
6,FFT,float32,2048,2048,2048,1,16,MPI,2,20029.4072,4152.0370,6444.2014,5530.3140,653.1647,6182.2279
6,IFFT,float32,2048,2048,2048,1,16,MPI,2,4544.4251,4203.3689,7054.8182,5886.5825,974.4771,6105.2999
7,FFT,float32,2048,2048,2048,1,16,MPI,2,19316.3804,4988.6242,6185.9502,5475.6118,346.4882,5625.6725
7,IFFT,float32,2048,2048,2048,1,16,MPI,2,5499.8363,3906.4526,7076.6292,5969.8628,978.9896,5927.7132
13,FFT,float32,2048,2048,2048,1,16,MPI,2,20609.1951,3862.9821,6325.7859,5601.3081,793.7307,6023.4158
13,IFFT,float32,2048,2048,2048,1,16,MPI,2,4889.7037,4598.2799,8137.0237,5850.6904,1041.0343,5851.0896
8,FFT,float32,2048,2048,2048,1,16,MPI,2,21050.2478,4280.6134,8487.5306,5931.7495,1105.3237,8487.5306
8,IFFT,float32,2048,2048,2048,1,16,MPI,2,4481.3103,4178.7910,6654.6537,5538.3320,839.4935,5333.9905
2,FFT,float32,2048,2048,2048,1,16,MPI,2,20874.2198,3661.8471,6987.2431,5375.7905,840.0905,5386.2827
2,IFFT,float32,2048,2048,2048,1,16,MPI,2,4325.6803,4103.6025,8010.6309,6096.7461,969.8068,6054.5885
4,FFT,float32,2048,2048,2048,1,16,MPI,2,20739.7710,3840.4277,7186.1111,5658.2139,937.7607,5888.3920
4,IFFT,float32,2048,2048,2048,1,16,MPI,2,4379.5070,4244.6320,7174.0295,5813.7061,954.8644,5138.4619
12,FFT,float32,2048,2048,2048,1,16,MPI,2,19414.2934,4592.4997,8698.5410,5863.3872,1057.9327,5849.1365
12,IFFT,float32,2048,2048,2048,1,16,MPI,2,3890.2275,4782.9142,6896.9474,5609.7241,644.2564,5273.4796
15,FFT,float32,2048,2048,2048,1,16,MPI,2,20015.5512,4311.1490,7582.5363,5794.9321,1004.7966,5890.1637
15,IFFT,float32,2048,2048,2048,1,16,MPI,2,5211.0220,4665.1341,6709.5886,5680.5620,640.5368,5185.3960
0,FFT,float32,2048,2048,2048,1,16,MPI,2,20832.3815,3944.7255,7643.2523,5575.0107,1097.8248,5389.3121
0,IFFT,float32,2048,2048,2048,1,16,MPI,2,4459.3494,2470.8752,9759.1024,5900.5366,1767.4800,6091.8575
15,FFT,float32,2048,2048,2048,16,1,NCCL,2,7722.0680,1478.0807,1562.2212,1491.7917,23.6118,1483.3434
15,IFFT,float32,2048,2048,2048,16,1,NCCL,2,1561.9023,1488.7348,1494.9571,1492.2679,1.8398,1493.4218
0,FFT,float32,2048,2048,2048,16,1,NCCL,2,7762.0108,1482.1611,1563.9434,1492.3060,23.9721,1482.2614
0,IFFT,float32,2048,2048,2048,16,1,NCCL,2,1566.5192,1487.2309,1496.1319,1491.6415,2.6867,1490.7581
3,FFT,float32,2048,2048,2048,16,1,NCCL,2,7756.9639,1481.7519,1564.1766,1492.4066,24.0362,1482.3212
3,IFFT,float32,2048,2048,2048,16,1,NCCL,2,1562.6468,1487.1038,1496.1578,1491.4480,2.7239,1490.4053
6,FFT,float32,2048,2048,2048,16,1,NCCL,2,7756.8484,1482.3576,1562.0422,1492.3900,23.2958,1482.3576
6,IFFT,float32,2048,2048,2048,16,1,NCCL,2,1566.1818,1488.4049,1494.4653,1491.4465,1.9714,1490.4532
12,FFT,float32,2048,2048,2048,16,1,NCCL,2,7727.7334,1480.7648,1564.1301,1492.7329,23.9340,1484.2101
12,IFFT,float32,2048,2048,2048,16,1,NCCL,2,1563.1884,1489.0811,1494.0493,1491.5430,1.7440,1494.0493
11,FFT,float32,2048,2048,2048,16,1,NCCL,2,7876.0771,1480.0808,1562.6050,1492.7056,23.4543,1484.1052
11,IFFT,float32,2048,2048,2048,16,1,NCCL,2,1561.8209,1489.1328,1494.0791,1491.3943,1.6677,1494.0791
14,FFT,float32,2048,2048,2048,16,1,NCCL,2,7737.4807,1477.1710,1562.4545,1491.6733,23.7577,1482.7450
14,IFFT,float32,2048,2048,2048,16,1,NCCL,2,1562.0548,1488.8937,1495.0374,1492.4119,1.8834,1493.8551
9,FFT,float32,2048,2048,2048,16,1,NCCL,2,7729.5231,1477.8557,1562.7807,1492.2159,23.7104,1484.5419
9,IFFT,float32,2048,2048,2048,16,1,NCCL,2,1561.9086,1488.8325,1493.6289,1491.9082,1.5925,1493.6289
10,FFT,float32,2048,2048,2048,16,1,NCCL,2,7736.8070,1479.9733,1563.2247,1492.7842,23.6378,1484.1943
10,IFFT,float32,2048,2048,2048,16,1,NCCL,2,1561.9890,1489.2580,1494.0289,1491.3793,1.6449,1494.0289
4,FFT,float32,2048,2048,2048,16,1,NCCL,2,7768.3088,1479.8199,1565.8020,1492.6022,24.5485,1483.7016
4,IFFT,float32,2048,2048,2048,16,1,NCCL,2,1566.5119,1487.3806,1496.0974,1491.8102,2.2261,1493.0858
8,FFT,float32,2048,2048,2048,16,1,NCCL,2,7824.4766,1477.9713,1563.8130,1492.2362,24.0421,1483.9350
8,IFFT,float32,2048,2048,2048,16,1,NCCL,2,1562.0201,1488.6659,1494.2083,1491.9884,1.7028,1494.2083
2,FFT,float32,2048,2048,2048,16,1,NCCL,2,7773.0759,1481.0500,1563.0745,1492.1915,23.7448,1482.4465
2,IFFT,float32,2048,2048,2048,16,1,NCCL,2,1563.6535,1487.3353,1496.0091,1491.6744,2.6301,1490.3946
13,FFT,float32,2048,2048,2048,16,1,NCCL,2,7727.5765,1480.1777,1563.0378,1492.7191,23.5940,1484.8966
13,IFFT,float32,2048,2048,2048,16,1,NCCL,2,1562.7471,1489.2845,1494.0673,1491.4291,1.6680,1493.4157
7,FFT,float32,2048,2048,2048,16,1,NCCL,2,7830.8961,1481.4699,1564.2898,1492.3563,24.0529,1482.3385
7,IFFT,float32,2048,2048,2048,16,1,NCCL,2,1565.6668,1488.7725,1494.7614,1491.5569,2.1087,1490.4459
1,FFT,float32,2048,2048,2048,16,1,NCCL,2,7822.9986,1481.9361,1563.6536,1492.2827,23.8858,1482.3083
1,IFFT,float32,2048,2048,2048,16,1,NCCL,2,1565.1652,1487.4128,1496.0418,1491.6956,2.5809,1490.7290
5,FFT,float32,2048,2048,2048,16,1,NCCL,2,7872.3714,1479.5002,1564.4968,1492.4368,24.1716,1483.6475
5,IFFT,float32,2048,2048,2048,16,1,NCCL,2,1565.0847,1487.3490,1496.1766,1491.8843,2.2661,1493.1475
8,FFT,float32,2048,2048,2048,16,1,MPI,2,19980.8850,4571.7846,9466.2700,6386.6475,1403.4821,6402.3865
8,IFFT,float32,2048,2048,2048,16,1,MPI,2,3984.1824,4200.4507,5745.1215,5055.8960,444.0003,4839.6663
10,FFT,float32,2048,2048,2048,16,1,MPI,2,19019.5451,3840.4815,8408.0155,5460.0991,1238.5951,5093.3816
10,IFFT,float32,2048,2048,2048,16,1,MPI,2,4320.6737,4935.6721,8335.3457,6022.1567,925.0907,6051.8854
11,FFT,float32,2048,2048,2048,16,1,MPI,2,19346.1530,2871.6250,7392.2886,5776.7305,1409.2301,2871.6250
11,IFFT,float32,2048,2048,2048,16,1,MPI,2,3790.9951,4814.6435,6664.3579,5726.3979,666.1885,6374.7670
13,FFT,float32,2048,2048,2048,16,1,MPI,2,19061.5540,4705.6105,7238.4608,5766.3872,708.4115,5123.3000
13,IFFT,float32,2048,2048,2048,16,1,MPI,2,4640.4342,3602.8877,8414.4788,5792.8174,1471.0951,3828.3629
0,FFT,float32,2048,2048,2048,16,1,MPI,2,19065.1060,4532.0044,7018.5820,5907.9551,732.2208,5849.1188
0,IFFT,float32,2048,2048,2048,16,1,MPI,2,4531.0421,4129.5278,7560.5085,5653.7573,1074.1777,6484.3843
2,FFT,float32,2048,2048,2048,16,1,MPI,2,19613.8228,3432.6791,6319.0144,5536.7388,853.2284,5376.7377
2,IFFT,float32,2048,2048,2048,16,1,MPI,2,4180.8008,3785.9545,9514.0139,6025.0352,1377.1606,5315.6388
1,FFT,float32,2048,2048,2048,16,1,MPI,2,19071.1083,4146.5033,7498.6750,5618.0347,1043.8977,4726.5482
1,IFFT,float32,2048,2048,2048,16,1,MPI,2,4515.6374,4393.2880,10082.4998,5946.6802,1663.4805,6544.7039
3,FFT,float32,2048,2048,2048,16,1,MPI,2,19957.7323,3474.3843,8064.9337,5970.4023,1295.2675,5943.9811
3,IFFT,float32,2048,2048,2048,16,1,MPI,2,3974.9519,4601.1873,7840.4713,5603.3984,985.5388,4806.1075
4,FFT,float32,2048,2048,2048,16,1,MPI,2,19849.3039,4409.5775,6776.3129,5599.9751,622.4850,5338.4201
4,IFFT,float32,2048,2048,2048,16,1,MPI,2,4192.4464,3721.2032,8336.9523,5975.1978,1290.1483,3721.2032
15,FFT,float32,2048,2048,2048,16,1,MPI,2,19112.6591,4549.1378,7790.8000,5822.3750,926.2676,5364.1027
15,IFFT,float32,2048,2048,2048,16,1,MPI,2,4787.0642,3874.9782,7696.9621,5763.2017,1003.0217,3874.9782
14,FFT,float32,2048,2048,2048,16,1,MPI,2,19371.5506,4991.4273,6752.0601,5880.3984,630.7579,5466.8934
14,IFFT,float32,2048,2048,2048,16,1,MPI,2,4774.3783,3831.7781,7414.4935,5713.8447,1002.3450,3831.7781
5,FFT,float32,2048,2048,2048,16,1,MPI,2,19058.9770,3360.0576,6768.8050,5474.9551,862.3282,5524.4415
5,IFFT,float32,2048,2048,2048,16,1,MPI,2,4896.3453,3780.4437,8274.6487,6122.5459,1336.2146,3780.4437
9,FFT,float32,2048,2048,2048,16,1,MPI,2,20060.7949,4369.2739,7752.4138,6129.3467,856.5619,5941.1030
9,IFFT,float32,2048,2048,2048,16,1,MPI,2,4033.6901,3236.0864,7495.7631,5471.6182,1064.6721,3236.0864
6,FFT,float32,2048,2048,2048,16,1,MPI,2,20031.1351,3831.8488,6981.8182,5818.1421,885.7353,5973.0940
6,IFFT,float32,2048,2048,2048,16,1,MPI,2,4040.5734,3193.7486,7496.9140,5789.8438,1200.2206,3193.7486
12,FFT,float32,2048,2048,2048,16,1,MPI,2,19466.1887,5043.5302,7666.7568,6406.4565,829.6446,5827.7874
12,IFFT,float32,2048,2048,2048,16,1,MPI,2,4042.8232,3236.9365,6653.3862,5205.5815,971.9821,3236.9365
7,FFT,float32,2048,2048,2048,16,1,MPI,2,18498.7375,3539.5110,7723.6938,5561.2295,1133.0381,5823.0969
7,IFFT,float32,2048,2048,2048,16,1,MPI,2,5376.7277,3343.1873,8841.2588,6061.8179,1460.7732,3343.1873
2,FFT,float64,1024,1024,1024,4,4,NCCL,2,7784.5320,335.5713,391.5930,343.2149,16.1585,338.3378
2,IFFT,float64,1024,1024,1024,4,4,NCCL,2,417.8272,336.6826,339.0796,337.8079,0.8571,337.2648
0,FFT,float64,1024,1024,1024,4,4,NCCL,2,7731.6143,335.0999,392.4071,343.0778,16.4777,339.1138
0,IFFT,float64,1024,1024,1024,4,4,NCCL,2,421.0726,336.7824,339.2499,338.4079,0.7813,339.2499
5,FFT,float64,1024,1024,1024,4,4,NCCL,2,7704.2404,335.8705,391.3662,342.5970,16.2987,338.8566
5,IFFT,float64,1024,1024,1024,4,4,NCCL,2,404.6026,337.1264,340.4382,338.7674,0.9308,339.2493
4,FFT,float64,1024,1024,1024,4,4,NCCL,2,7916.5892,336.3717,395.2097,343.4968,17.2653,338.6010
4,IFFT,float64,1024,1024,1024,4,4,NCCL,2,403.4637,336.9283,339.7142,338.2885,0.8443,339.7142
1,FFT,float64,1024,1024,1024,4,4,NCCL,2,7693.1167,335.3619,396.2924,343.1822,17.7394,339.3618
1,IFFT,float64,1024,1024,1024,4,4,NCCL,2,419.1262,337.2430,339.9533,338.6788,0.8905,339.1171
6,FFT,float64,1024,1024,1024,4,4,NCCL,2,7729.6576,335.0850,391.5702,343.2126,16.1586,337.6323
6,IFFT,float64,1024,1024,1024,4,4,NCCL,2,401.2689,336.0951,339.1183,337.8340,1.0019,337.6073
7,FFT,float64,1024,1024,1024,4,4,NCCL,2,7707.4989,336.6109,393.3145,344.3976,16.3394,339.0717
7,IFFT,float64,1024,1024,1024,4,4,NCCL,2,400.9585,335.3470,338.1595,336.8703,0.8358,336.5982
3,FFT,float64,1024,1024,1024,4,4,NCCL,2,7717.6495,337.2535,391.2342,344.1533,15.7267,339.4172
3,IFFT,float64,1024,1024,1024,4,4,NCCL,2,420.8535,335.8429,338.0337,336.8882,0.6544,336.4481
15,FFT,float64,1024,1024,1024,4,4,NCCL,2,7818.9971,337.1959,396.2371,344.6516,17.2233,339.2261
15,IFFT,float64,1024,1024,1024,4,4,NCCL,2,452.5379,335.4331,338.9371,336.9176,1.0465,336.4482
8,FFT,float64,1024,1024,1024,4,4,NCCL,2,7649.6533,336.5778,397.0643,343.4925,17.8707,337.9028
8,IFFT,float64,1024,1024,1024,4,4,NCCL,2,458.3501,336.2346,340.4888,338.4463,1.2561,340.4888
13,FFT,float64,1024,1024,1024,4,4,NCCL,2,7721.6429,335.2963,397.3210,343.0326,18.1242,338.4932
13,IFFT,float64,1024,1024,1024,4,4,NCCL,2,455.4388,337.3410,340.1369,338.8974,0.8063,339.1335
11,FFT,float64,1024,1024,1024,4,4,NCCL,2,7655.5837,337.7902,396.1721,345.0324,17.0731,337.7902
11,IFFT,float64,1024,1024,1024,4,4,NCCL,2,456.6808,335.1560,338.6014,336.5322,1.0002,337.5679
12,FFT,float64,1024,1024,1024,4,4,NCCL,2,7823.1182,336.5682,397.7500,343.5347,18.0809,338.5302
12,IFFT,float64,1024,1024,1024,4,4,NCCL,2,454.7217,337.0906,339.9339,338.5202,0.9553,339.6516
10,FFT,float64,1024,1024,1024,4,4,NCCL,2,7651.4654,336.2128,397.1078,344.3341,17.6308,337.4816
10,IFFT,float64,1024,1024,1024,4,4,NCCL,2,455.5955,335.0387,339.5968,337.1544,1.2889,337.7950
9,FFT,float64,1024,1024,1024,4,4,NCCL,2,7645.5339,336.0058,397.1486,343.0529,18.0446,338.2160
9,IFFT,float64,1024,1024,1024,4,4,NCCL,2,459.0958,337.1829,339.8383,338.7280,0.7944,339.6064
14,FFT,float64,1024,1024,1024,4,4,NCCL,2,7701.1250,335.5583,396.8241,343.7263,17.7297,337.6822
14,IFFT,float64,1024,1024,1024,4,4,NCCL,2,451.7224,335.4389,340.4234,337.8073,1.3565,337.4262
8,FFT,float64,1024,1024,1024,4,4,MPI,2,9614.7483,299.3824,2186.7319,1026.3316,625.9133,1920.1814
8,IFFT,float64,1024,1024,1024,4,4,MPI,2,1836.5994,460.9077,2550.8413,1589.7946,710.4380,664.6805
0,FFT,float64,1024,1024,1024,4,4,MPI,2,10293.3830,311.2990,2324.0419,1023.8425,652.2633,2324.0419
0,IFFT,float64,1024,1024,1024,4,4,MPI,2,1534.5066,404.4448,2602.4851,1593.4531,729.2713,404.4448
12,FFT,float64,1024,1024,1024,4,4,MPI,2,10679.5393,301.0303,2406.7840,993.2510,713.3087,2406.7840
12,IFFT,float64,1024,1024,1024,4,4,MPI,2,1202.1018,336.4311,2355.1942,1624.3597,761.0523,336.4311
4,FFT,float64,1024,1024,1024,4,4,MPI,2,10196.6286,299.1469,2255.0709,978.6679,683.3592,2255.0709
4,IFFT,float64,1024,1024,1024,4,4,MPI,2,1560.0515,353.6345,2467.9879,1638.8273,747.4106,353.6345
11,FFT,float64,1024,1024,1024,4,4,MPI,2,9610.2518,1219.4986,2220.0271,1698.1440,333.3407,1703.8283
11,IFFT,float64,1024,1024,1024,4,4,MPI,2,1941.8839,604.9295,1570.1195,960.8202,286.1512,1088.1850
9,FFT,float64,1024,1024,1024,4,4,MPI,2,9609.5365,151.0991,1640.3693,640.5158,441.3367,235.5792
9,IFFT,float64,1024,1024,1024,4,4,MPI,2,1949.7625,1092.4623,2584.4937,2018.4457,501.8850,1092.4623
3,FFT,float64,1024,1024,1024,4,4,MPI,2,10369.3139,1201.8982,2027.5617,1738.5883,270.4593,1987.8687
3,IFFT,float64,1024,1024,1024,4,4,MPI,2,1343.5254,597.9470,1621.4750,922.6380,259.8065,845.4049
2,FFT,float64,1024,1024,1024,4,4,MPI,2,10253.4808,982.5638,2010.3765,1403.0289,357.9235,1478.0450
2,IFFT,float64,1024,1024,1024,4,4,MPI,2,1396.9522,912.5018,1840.6643,1264.9630,268.0488,912.5018
1,FFT,float64,1024,1024,1024,4,4,MPI,2,10366.5636,303.0795,1590.2660,954.4351,423.0356,1273.8551
1,IFFT,float64,1024,1024,1024,4,4,MPI,2,1359.9598,976.1898,2633.9752,1719.9398,499.0067,976.1898
15,FFT,float64,1024,1024,1024,4,4,MPI,2,10689.8075,1155.7726,1914.3723,1582.5440,234.7917,1840.3757
15,IFFT,float64,1024,1024,1024,4,4,MPI,2,1240.1946,695.8116,1515.4851,1092.5169,208.5318,914.1621
7,FFT,float64,1024,1024,1024,4,4,MPI,2,10190.7407,1141.5394,1863.4504,1631.4204,192.9331,1823.7761
7,IFFT,float64,1024,1024,1024,4,4,MPI,2,1605.9301,873.2181,1509.7109,1044.2562,198.2421,934.5437
6,FFT,float64,1024,1024,1024,4,4,MPI,2,10181.8361,840.2253,1698.8293,1300.6528,306.7566,1010.5798
6,IFFT,float64,1024,1024,1024,4,4,MPI,2,1627.0004,895.6549,1864.2744,1378.7399,351.8212,972.7124
10,FFT,float64,1024,1024,1024,4,4,MPI,2,9637.9575,789.5416,2156.6215,1302.2975,482.8056,789.5416
10,IFFT,float64,1024,1024,1024,4,4,MPI,2,1882.4265,855.5032,1794.5990,1376.8945,328.8840,1291.8025
14,FFT,float64,1024,1024,1024,4,4,MPI,2,10677.9748,848.0159,1667.6195,1314.3214,280.9129,1025.7081
14,IFFT,float64,1024,1024,1024,4,4,MPI,2,1258.1560,942.5931,1855.9931,1364.4156,305.1397,953.5640
13,FFT,float64,1024,1024,1024,4,4,MPI,2,10623.7039,281.2237,1639.4286,629.5955,421.1376,478.0005
13,IFFT,float64,1024,1024,1024,4,4,MPI,2,1282.2457,968.9430,2568.4142,2051.0571,456.9673,968.9430
5,FFT,float64,1024,1024,1024,4,4,MPI,2,10178.0248,150.4791,1633.2949,654.1104,432.0039,453.4149
5,IFFT,float64,1024,1024,1024,4,4,MPI,2,1644.9682,989.2212,2500.7988,2026.9920,442.7596,989.2212
0,FFT,float64,1024,1024,1024,1,16,NCCL,2,6679.5534,370.5584,435.1247,378.0589,19.0343,371.7024
0,IFFT,float64,1024,1024,1024,1,16,NCCL,2,448.4287,370.6200,375.9356,372.5231,1.5896,371.3173
10,FFT,float64,1024,1024,1024,1,16,NCCL,2,6835.9085,370.0746,437.5122,378.2642,19.8252,371.0203
10,IFFT,float64,1024,1024,1024,1,16,NCCL,2,448.0118,370.6426,374.0351,372.4095,1.0839,370.6856
11,FFT,float64,1024,1024,1024,1,16,NCCL,2,6653.8603,369.9438,441.5169,378.4719,21.0854,370.8852
11,IFFT,float64,1024,1024,1024,1,16,NCCL,2,448.0668,370.6893,374.3349,372.6091,1.0964,370.6893
3,FFT,float64,1024,1024,1024,1,16,NCCL,2,6670.3160,370.5261,433.1350,377.8661,18.4362,371.5105
3,IFFT,float64,1024,1024,1024,1,16,NCCL,2,449.2821,370.7127,375.7010,372.6908,1.4565,371.3671
14,FFT,float64,1024,1024,1024,1,16,NCCL,2,6668.3722,370.1759,436.0031,377.9574,19.3895,370.8140
14,IFFT,float64,1024,1024,1024,1,16,NCCL,2,448.1563,369.9145,376.0361,372.6980,1.6611,371.9996
4,FFT,float64,1024,1024,1024,1,16,NCCL,2,6654.9995,370.8822,432.9268,377.8410,18.3721,371.6329
4,IFFT,float64,1024,1024,1024,1,16,NCCL,2,448.2017,371.3924,374.8112,372.6438,0.8893,371.3924
2,FFT,float64,1024,1024,1024,1,16,NCCL,2,6670.8995,370.5717,435.5002,378.0845,19.1512,371.4121
2,IFFT,float64,1024,1024,1024,1,16,NCCL,2,449.6982,370.7159,375.9389,372.6542,1.5039,371.3936
5,FFT,float64,1024,1024,1024,1,16,NCCL,2,6712.4487,370.8114,435.1499,378.0212,19.0524,371.6328
5,IFFT,float64,1024,1024,1024,1,16,NCCL,2,448.0097,371.2815,374.9438,372.8175,0.9960,371.2815
6,FFT,float64,1024,1024,1024,1,16,NCCL,2,6789.4482,370.8939,431.7084,377.7760,17.9862,371.6763
6,IFFT,float64,1024,1024,1024,1,16,NCCL,2,449.9003,370.6822,374.9937,372.7456,1.4224,371.4079
12,FFT,float64,1024,1024,1024,1,16,NCCL,2,6656.0203,370.5136,435.7614,378.6349,19.1097,371.4747
12,IFFT,float64,1024,1024,1024,1,16,NCCL,2,448.1730,370.3201,372.8123,371.9055,0.7831,370.3201
1,FFT,float64,1024,1024,1024,1,16,NCCL,2,6651.3896,370.5323,434.3412,377.9146,18.8195,371.5559
1,IFFT,float64,1024,1024,1024,1,16,NCCL,2,448.3344,370.6872,375.5835,372.5695,1.4940,371.4204
7,FFT,float64,1024,1024,1024,1,16,NCCL,2,6665.6665,370.7476,434.2179,378.0083,18.7452,371.5825
7,IFFT,float64,1024,1024,1024,1,16,NCCL,2,449.8466,370.7267,374.9981,372.5605,1.3264,371.3136
8,FFT,float64,1024,1024,1024,1,16,NCCL,2,6670.9332,370.1276,441.4155,378.8411,20.9301,370.7306
8,IFFT,float64,1024,1024,1024,1,16,NCCL,2,448.2852,370.6847,374.4946,372.2676,1.1798,371.1270
15,FFT,float64,1024,1024,1024,1,16,NCCL,2,6748.0463,370.2104,436.1434,377.9853,19.4276,370.9190
15,IFFT,float64,1024,1024,1024,1,16,NCCL,2,448.1299,370.3839,376.0235,372.6797,1.5203,371.9508
13,FFT,float64,1024,1024,1024,1,16,NCCL,2,6654.5992,370.4370,442.0779,379.1447,21.0379,371.4906
13,IFFT,float64,1024,1024,1024,1,16,NCCL,2,448.1400,371.3313,372.9261,372.1270,0.5370,371.3313
9,FFT,float64,1024,1024,1024,1,16,NCCL,2,6654.7946,370.0773,436.4045,378.4171,19.4115,370.8972
9,IFFT,float64,1024,1024,1024,1,16,NCCL,2,447.8285,370.1822,374.5996,372.1896,1.2957,371.0839
3,FFT,float64,1024,1024,1024,1,16,MPI,2,16020.2901,1025.3201,1869.8161,1474.3438,231.5647,1345.4290
3,IFFT,float64,1024,1024,1024,1,16,MPI,2,1408.4469,1278.2928,1887.4372,1453.1910,175.8784,1278.2928
5,FFT,float64,1024,1024,1024,1,16,MPI,2,15932.9877,863.7515,1855.7652,1477.2488,304.3021,1551.5461
5,IFFT,float64,1024,1024,1024,1,16,MPI,2,1480.0368,1059.0525,1954.3089,1466.9352,231.0649,1059.0525
7,FFT,float64,1024,1024,1024,1,16,MPI,2,15925.6286,1113.1992,1686.0336,1424.1894,187.6052,1378.9468
7,IFFT,float64,1024,1024,1024,1,16,MPI,2,1480.8557,1031.0248,1744.6381,1529.9561,195.0518,1031.0248
6,FFT,float64,1024,1024,1024,1,16,MPI,2,15441.0735,952.2989,1772.6485,1383.4209,277.3466,1275.9899
6,IFFT,float64,1024,1024,1024,1,16,MPI,2,1996.7808,1189.2161,2304.5106,1575.1310,286.7690,1189.2161
11,FFT,float64,1024,1024,1024,1,16,MPI,2,15995.8520,871.5926,1870.5675,1424.1448,303.6016,1412.2594
11,IFFT,float64,1024,1024,1024,1,16,MPI,2,1412.0775,1190.9570,2009.3447,1538.2358,246.8314,1462.9293
13,FFT,float64,1024,1024,1024,1,16,MPI,2,16054.3086,1172.9183,1963.3116,1546.8432,292.7885,1172.9183
13,IFFT,float64,1024,1024,1024,1,16,MPI,2,1409.5113,935.3825,1936.1266,1441.9918,330.9172,1530.6857
10,FFT,float64,1024,1024,1024,1,16,MPI,2,15981.3691,886.1357,2362.6004,1538.4856,431.8589,1147.9293
10,IFFT,float64,1024,1024,1024,1,16,MPI,2,1293.1027,962.5896,2139.2139,1450.2945,320.7888,1564.6244
15,FFT,float64,1024,1024,1024,1,16,MPI,2,16374.7592,696.8893,2145.1013,1591.8896,368.3841,1345.8504
15,IFFT,float64,1024,1024,1024,1,16,MPI,2,1280.6011,897.7845,2063.0584,1399.4762,288.3041,1490.7400
1,FFT,float64,1024,1024,1024,1,16,MPI,2,16037.5041,983.3668,2046.2233,1553.7696,309.2959,1730.0112
1,IFFT,float64,1024,1024,1024,1,16,MPI,2,1395.7572,1040.1686,1803.0681,1437.6838,245.5835,1217.9987
12,FFT,float64,1024,1024,1024,1,16,MPI,2,15968.2608,765.9537,1955.9775,1387.2215,394.2150,1638.1493
12,IFFT,float64,1024,1024,1024,1,16,MPI,2,1469.6335,1093.8904,1912.0823,1604.7376,228.4797,1093.8904
9,FFT,float64,1024,1024,1024,1,16,MPI,2,16305.0831,833.7547,1846.1441,1455.2212,366.6309,1225.2281
9,IFFT,float64,1024,1024,1024,1,16,MPI,2,1191.1396,1151.0196,2128.9230,1539.9270,286.2923,1754.7739
14,FFT,float64,1024,1024,1024,1,16,MPI,2,16084.8094,967.3369,1980.9458,1523.8653,348.0758,1329.4873
14,IFFT,float64,1024,1024,1024,1,16,MPI,2,1361.3391,1121.8998,1811.6079,1471.2786,205.9240,1537.8958
8,FFT,float64,1024,1024,1024,1,16,MPI,2,15892.0214,1083.5273,1871.7163,1548.4235,230.0431,1286.5898
8,IFFT,float64,1024,1024,1024,1,16,MPI,2,1621.1285,1091.3317,2287.0967,1447.9681,329.5044,1380.0475
4,FFT,float64,1024,1024,1024,1,16,MPI,2,16270.9694,1143.4093,1791.2996,1482.4931,206.2303,1443.9070
4,IFFT,float64,1024,1024,1024,1,16,MPI,2,1193.0585,1222.9124,1812.9675,1513.8977,167.6306,1222.9124
0,FFT,float64,1024,1024,1024,1,16,MPI,2,14187.6900,1135.2190,1977.4528,1551.0078,232.7065,1463.9479
0,IFFT,float64,1024,1024,1024,1,16,MPI,2,2779.0521,1144.0606,1835.7050,1446.9732,209.5562,1313.2467
2,FFT,float64,1024,1024,1024,1,16,MPI,2,16102.6275,1023.7108,2362.5340,1531.0935,370.1543,2362.5340
2,IFFT,float64,1024,1024,1024,1,16,MPI,2,1354.6629,992.4489,1895.1411,1466.0739,289.8389,1178.4863
8,FFT,float64,1024,1024,1024,16,1,NCCL,2,6654.5270,369.1514,436.9183,378.1348,19.6603,371.9310
8,IFFT,float64,1024,1024,1024,16,1,NCCL,2,447.1265,369.5324,373.8707,372.2310,1.1440,371.9867
12,FFT,float64,1024,1024,1024,16,1,NCCL,2,6820.7759,370.0498,436.1171,377.8417,19.4443,371.9742
12,IFFT,float64,1024,1024,1024,16,1,NCCL,2,447.0679,371.3643,373.7496,372.4597,0.7286,372.1229
14,FFT,float64,1024,1024,1024,16,1,NCCL,2,6631.6173,369.0608,435.6388,377.9358,19.2919,371.8928
14,IFFT,float64,1024,1024,1024,16,1,NCCL,2,447.3068,370.5205,373.9493,372.2991,0.9466,372.2029
11,FFT,float64,1024,1024,1024,16,1,NCCL,2,6648.4017,370.0444,436.5257,378.0359,19.5251,371.8375
11,IFFT,float64,1024,1024,1024,16,1,NCCL,2,446.8744,371.3854,373.6811,372.3556,0.6806,373.0151
10,FFT,float64,1024,1024,1024,16,1,NCCL,2,6660.9268,370.0027,436.4697,378.0455,19.5024,371.8632
10,IFFT,float64,1024,1024,1024,16,1,NCCL,2,446.7738,371.4972,373.8391,372.3508,0.6801,373.0331
15,FFT,float64,1024,1024,1024,16,1,NCCL,2,6657.7353,368.9570,435.8137,377.8797,19.3577,371.9968
15,IFFT,float64,1024,1024,1024,16,1,NCCL,2,447.2420,371.4027,373.8931,372.3701,0.8127,372.0833
9,FFT,float64,1024,1024,1024,16,1,NCCL,2,6629.0464,369.1720,435.5247,377.9185,19.2609,371.8309
9,IFFT,float64,1024,1024,1024,16,1,NCCL,2,447.0250,369.9422,373.7485,372.2749,1.0479,372.1333
13,FFT,float64,1024,1024,1024,16,1,NCCL,2,6705.6955,369.9950,436.1640,377.8031,19.4733,371.8197
13,IFFT,float64,1024,1024,1024,16,1,NCCL,2,447.1489,371.4917,373.8411,372.5039,0.7191,372.3580
2,FFT,float64,1024,1024,1024,16,1,NCCL,2,6744.7892,370.1604,435.4027,377.8622,19.1928,372.2117
2,IFFT,float64,1024,1024,1024,16,1,NCCL,2,447.0913,370.4397,374.2187,372.6241,1.2363,373.4970
4,FFT,float64,1024,1024,1024,16,1,NCCL,2,6697.6614,368.8486,436.0697,377.7267,19.4695,371.8320
4,IFFT,float64,1024,1024,1024,16,1,NCCL,2,447.0290,371.5644,373.9113,372.6933,0.6925,373.9113
7,FFT,float64,1024,1024,1024,16,1,NCCL,2,6738.4114,370.2877,436.7970,377.9884,19.6118,371.0184
7,IFFT,float64,1024,1024,1024,16,1,NCCL,2,446.8277,370.4220,374.6632,372.4330,1.1833,374.6632
6,FFT,float64,1024,1024,1024,16,1,NCCL,2,6794.8646,370.2457,437.4239,378.0960,19.7855,371.0457
6,IFFT,float64,1024,1024,1024,16,1,NCCL,2,446.9499,370.4509,374.6847,372.4294,1.1275,374.6847
5,FFT,float64,1024,1024,1024,16,1,NCCL,2,6694.7755,368.8559,436.3331,377.7644,19.5447,371.9263
5,IFFT,float64,1024,1024,1024,16,1,NCCL,2,446.9652,371.3916,373.7868,372.6297,0.7135,373.7868
1,FFT,float64,1024,1024,1024,16,1,NCCL,2,6701.0719,368.9427,434.5014,377.4577,19.0682,370.3326
1,IFFT,float64,1024,1024,1024,16,1,NCCL,2,447.1067,370.5528,374.5897,372.9245,1.0855,374.5897
0,FFT,float64,1024,1024,1024,16,1,NCCL,2,6755.7074,369.0522,436.2785,377.6561,19.5894,370.2874
0,IFFT,float64,1024,1024,1024,16,1,NCCL,2,446.9600,370.4105,374.6730,372.9129,1.1367,374.6730
3,FFT,float64,1024,1024,1024,16,1,NCCL,2,6795.8092,370.1216,434.3470,377.7364,18.8826,372.2195
3,IFFT,float64,1024,1024,1024,16,1,NCCL,2,446.9614,370.4447,374.3856,372.6482,1.2964,373.5880
11,FFT,float64,1024,1024,1024,16,1,MPI,2,16491.8971,1141.1689,1548.6231,1345.7399,138.5280,1198.1992
11,IFFT,float64,1024,1024,1024,16,1,MPI,2,1204.0640,1218.5427,1984.5106,1602.5544,246.4053,1600.8278
2,FFT,float64,1024,1024,1024,16,1,MPI,2,15760.6469,998.2454,1909.7262,1516.9033,322.2070,1038.2168
2,IFFT,float64,1024,1024,1024,16,1,MPI,2,1675.3973,1057.5453,1797.6543,1436.8164,229.0292,1499.8264
10,FFT,float64,1024,1024,1024,16,1,MPI,2,16293.3867,885.6500,1329.1179,1141.7334,146.8256,1260.1994
10,IFFT,float64,1024,1024,1024,16,1,MPI,2,1112.5020,1132.5516,2395.8514,1828.2209,364.1070,1566.2280
3,FFT,float64,1024,1024,1024,16,1,MPI,2,15751.6171,818.4574,1805.2149,1446.3218,298.4172,1636.0481
3,IFFT,float64,1024,1024,1024,16,1,MPI,2,1832.1681,1016.4719,2022.8697,1537.4230,276.6865,1475.0199
15,FFT,float64,1024,1024,1024,16,1,MPI,2,16317.8256,826.0793,1675.2935,1414.7606,271.3050,1666.2163
15,IFFT,float64,1024,1024,1024,16,1,MPI,2,1307.5860,1113.6622,2089.2267,1574.7733,299.6412,1113.6622
14,FFT,float64,1024,1024,1024,16,1,MPI,2,16304.3852,999.7820,1929.1008,1392.5300,275.0579,1696.3786
14,IFFT,float64,1024,1024,1024,16,1,MPI,2,1447.6467,1107.4176,2049.6270,1598.9850,276.9404,1107.4176
13,FFT,float64,1024,1024,1024,16,1,MPI,2,16349.1902,714.9814,1796.2538,1402.6172,328.3638,1490.0641
13,IFFT,float64,1024,1024,1024,16,1,MPI,2,1421.3336,1202.8911,2216.0390,1588.9774,307.3984,1319.0190
9,FFT,float64,1024,1024,1024,16,1,MPI,2,16295.1808,1250.5880,1994.3071,1469.9881,206.0538,1439.8349
9,IFFT,float64,1024,1024,1024,16,1,MPI,2,1432.3266,982.7264,2045.3579,1522.7710,296.2347,982.7264
4,FFT,float64,1024,1024,1024,16,1,MPI,2,15716.2630,1050.3690,1929.3895,1453.0680,265.9826,1505.9970
4,IFFT,float64,1024,1024,1024,16,1,MPI,2,2024.5227,1076.6917,2198.7936,1541.7827,382.0494,1076.6917
5,FFT,float64,1024,1024,1024,16,1,MPI,2,15780.8179,1012.0315,2034.4400,1546.4055,307.5977,1357.5991
5,IFFT,float64,1024,1024,1024,16,1,MPI,2,1771.5576,987.4633,1820.2122,1448.6894,257.4297,1360.1088
8,FFT,float64,1024,1024,1024,16,1,MPI,2,16315.7555,974.2952,1940.5770,1451.5006,267.9101,1645.4647
8,IFFT,float64,1024,1024,1024,16,1,MPI,2,1134.5233,963.3103,2258.9899,1546.3321,381.8050,963.3103
0,FFT,float64,1024,1024,1024,16,1,MPI,2,16534.6812,954.6956,2197.5534,1563.1053,337.5367,1496.4055
0,IFFT,float64,1024,1024,1024,16,1,MPI,2,1444.7947,961.8996,2228.7157,1434.8445,339.8713,961.8996
7,FFT,float64,1024,1024,1024,16,1,MPI,2,16386.1712,749.4761,1889.2236,1424.8110,341.6883,1501.1310
7,IFFT,float64,1024,1024,1024,16,1,MPI,2,1366.0928,1267.2576,2073.8676,1573.0803,211.4833,1384.0401
6,FFT,float64,1024,1024,1024,16,1,MPI,2,15853.7298,981.2288,1878.9642,1408.1926,287.0857,1437.7602
6,IFFT,float64,1024,1024,1024,16,1,MPI,2,1898.8879,999.8155,2302.6156,1589.6938,366.2657,1390.2056
12,FFT,float64,1024,1024,1024,16,1,MPI,2,16364.7586,1082.1624,2049.5108,1449.0229,251.4843,1467.5744
12,IFFT,float64,1024,1024,1024,16,1,MPI,2,1420.4808,1352.6729,1827.8091,1551.1419,166.1411,1352.6729
1,FFT,float64,1024,1024,1024,16,1,MPI,2,16527.7920,1185.2598,1896.5399,1535.8326,214.9632,1542.5168
1,IFFT,float64,1024,1024,1024,16,1,MPI,2,1396.8524,890.9644,1918.5625,1464.8060,258.9055,1360.9191
2,FFT,float64,2048,2048,2048,4,4,NCCL,2,10125.4373,2693.1061,2751.4123,2706.6919,15.4946,2693.1061
2,IFFT,float64,2048,2048,2048,4,4,NCCL,2,2752.9886,2679.2162,2694.4627,2688.4920,4.2935,2691.3149
3,FFT,float64,2048,2048,2048,4,4,NCCL,2,10110.0290,2692.1115,2751.3341,2707.6297,15.2153,2692.1115
3,IFFT,float64,2048,2048,2048,4,4,NCCL,2,2751.7833,2678.3660,2693.5587,2687.7631,5.2054,2691.5029
8,FFT,float64,2048,2048,2048,4,4,NCCL,2,10051.7841,2684.1600,2750.0563,2696.5730,18.3212,2697.2313
8,IFFT,float64,2048,2048,2048,4,4,NCCL,2,2837.7738,2690.3962,2703.9535,2699.7897,4.1903,2698.8589
10,FFT,float64,2048,2048,2048,4,4,NCCL,2,10047.1660,2684.8676,2751.8031,2697.0654,18.6109,2684.8676
10,IFFT,float64,2048,2048,2048,4,4,NCCL,2,2843.4603,2692.3039,2703.3751,2699.2422,3.8324,2699.1773
15,FFT,float64,2048,2048,2048,4,4,NCCL,2,10061.8225,2687.3008,2752.0920,2698.9500,18.0728,2688.4767
15,IFFT,float64,2048,2048,2048,4,4,NCCL,2,2825.8407,2694.1046,2700.8035,2697.6378,1.7495,2699.1564
7,FFT,float64,2048,2048,2048,4,4,NCCL,2,10148.8583,2688.1690,2751.7615,2699.0070,17.8578,2689.4103
7,IFFT,float64,2048,2048,2048,4,4,NCCL,2,2760.8965,2695.0324,2701.1366,2697.5768,1.7071,2698.3035
14,FFT,float64,2048,2048,2048,4,4,NCCL,2,10080.0289,2686.3414,2751.5612,2699.2143,17.7459,2686.3414
14,IFFT,float64,2048,2048,2048,4,4,NCCL,2,2829.4885,2689.8013,2701.6586,2697.2568,3.6425,2699.7769
6,FFT,float64,2048,2048,2048,4,4,NCCL,2,10299.8472,2687.0957,2752.8027,2698.8276,18.1959,2687.0957
6,IFFT,float64,2048,2048,2048,4,4,NCCL,2,2762.0987,2690.1613,2701.1678,2697.6389,3.2726,2699.1411
12,FFT,float64,2048,2048,2048,4,4,NCCL,2,10238.7758,2687.2363,2752.0266,2696.2155,18.6428,2691.9627
12,IFFT,float64,2048,2048,2048,4,4,NCCL,2,2829.2936,2695.3350,2705.3628,2700.8164,3.0175,2703.5164
9,FFT,float64,2048,2048,2048,4,4,NCCL,2,10035.3776,2680.3266,2750.7600,2694.0212,19.3598,2688.8374
9,IFFT,float64,2048,2048,2048,4,4,NCCL,2,2838.2765,2698.7914,2708.2868,2702.5591,3.3841,2701.9781
13,FFT,float64,2048,2048,2048,4,4,NCCL,2,10163.5259,2684.2075,2749.4533,2693.4290,18.7526,2685.9760
13,IFFT,float64,2048,2048,2048,4,4,NCCL,2,2831.5446,2700.8379,2711.6704,2703.5050,2.9962,2703.5910
5,FFT,float64,2048,2048,2048,4,4,NCCL,2,10122.4840,2683.7827,2753.3896,2693.7861,19.9534,2686.1227
5,IFFT,float64,2048,2048,2048,4,4,NCCL,2,2764.5882,2700.8519,2711.5659,2703.4664,2.9358,2703.1899
11,FFT,float64,2048,2048,2048,4,4,NCCL,2,10058.4979,2682.9370,2749.2052,2697.1484,17.9315,2688.0312
11,IFFT,float64,2048,2048,2048,4,4,NCCL,2,2835.0148,2692.5798,2705.2944,2699.1501,3.1248,2699.0876
0,FFT,float64,2048,2048,2048,4,4,NCCL,2,10136.4433,2687.1195,2751.3439,2696.4054,18.4462,2690.6471
0,IFFT,float64,2048,2048,2048,4,4,NCCL,2,2769.0043,2694.9573,2707.0067,2700.1574,3.2385,2702.8785
1,FFT,float64,2048,2048,2048,4,4,NCCL,2,10122.5057,2683.3849,2749.2919,2694.2323,18.6211,2683.3849
1,IFFT,float64,2048,2048,2048,4,4,NCCL,2,2776.8178,2697.2731,2711.6090,2702.3653,4.1448,2703.8929
4,FFT,float64,2048,2048,2048,4,4,NCCL,2,10120.6093,2686.2123,2751.4647,2696.0702,18.5377,2692.2065
4,IFFT,float64,2048,2048,2048,4,4,NCCL,2,2764.6728,2695.8493,2704.6777,2700.9552,2.5672,2703.0819
1,FFT,float64,2048,2048,2048,4,4,MPI,2,20527.4474,9460.7880,15801.6167,13946.8147,1848.3295,13791.4596
1,IFFT,float64,2048,2048,2048,4,4,MPI,2,6490.7470,6135.3146,10208.6084,8259.9472,1138.4591,7568.7329
2,FFT,float64,2048,2048,2048,4,4,MPI,2,20574.8803,5619.0362,15232.6564,10413.9167,3123.5375,9317.9712
2,IFFT,float64,2048,2048,2048,4,4,MPI,2,8433.5981,7097.0447,18715.8656,11873.7002,4415.9399,8378.1310
13,FFT,float64,2048,2048,2048,4,4,MPI,2,21599.1384,9785.3865,15248.3442,13165.8352,1919.3502,14057.6854
13,IFFT,float64,2048,2048,2048,4,4,MPI,2,8445.9368,6963.2589,10205.0329,9190.9105,931.7455,8812.2530
9,FFT,float64,2048,2048,2048,4,4,MPI,2,20251.9548,9761.4447,17941.8624,13462.9016,2295.0550,13874.8957
9,IFFT,float64,2048,2048,2048,4,4,MPI,2,9846.5255,6445.7572,10198.0803,8914.2635,1202.6187,9078.3759
5,FFT,float64,2048,2048,2048,4,4,MPI,2,21602.1380,9774.6624,16302.6644,13224.0433,2155.6782,13878.0612
5,IFFT,float64,2048,2048,2048,4,4,MPI,2,8555.3626,7070.6288,10094.0409,9153.3538,797.3800,9074.4838
8,FFT,float64,2048,2048,2048,4,4,MPI,2,20228.5192,8878.4642,16598.1560,12857.9152,2598.9828,9626.4184
8,IFFT,float64,2048,2048,2048,4,4,MPI,2,10334.0063,4972.4882,13012.3472,9558.4121,2092.3291,9469.7196
10,FFT,float64,2048,2048,2048,4,4,MPI,2,20271.6125,7170.9463,16402.5474,11667.9642,2643.7233,7170.9463
10,IFFT,float64,2048,2048,2048,4,4,MPI,2,4236.9125,5488.0047,14566.3282,10792.7682,2541.6327,9913.4226
0,FFT,float64,2048,2048,2048,4,4,MPI,2,20588.0056,9462.4101,14720.4642,11929.3361,1508.6207,12936.6024
0,IFFT,float64,2048,2048,2048,4,4,MPI,2,8349.7346,4725.6154,13057.3099,10570.6531,2444.9195,10499.5107
11,FFT,float64,2048,2048,2048,4,4,MPI,2,20246.2051,5407.6748,16363.6536,10265.0965,2685.3443,8101.0401
11,IFFT,float64,2048,2048,2048,4,4,MPI,2,10681.0641,8023.9546,16482.8615,12239.4020,2283.5223,10351.5090
4,FFT,float64,2048,2048,2048,4,4,MPI,2,21661.0308,8884.3977,15892.9731,12251.9890,2520.7294,8939.7969
4,IFFT,float64,2048,2048,2048,4,4,MPI,2,9002.8841,4987.3803,12008.8547,10264.7322,1948.8373,10473.9270
12,FFT,float64,2048,2048,2048,4,4,MPI,2,21642.2191,8995.4051,14922.1179,11587.4761,1686.9471,8995.4051
12,IFFT,float64,2048,2048,2048,4,4,MPI,2,8882.0645,4954.4898,13055.7005,10930.1704,2188.1642,10422.1142
14,FFT,float64,2048,2048,2048,4,4,MPI,2,21573.5095,5623.3954,14458.4922,9709.8816,2865.9539,7109.4481
14,IFFT,float64,2048,2048,2048,4,4,MPI,2,7278.8629,7076.1156,18722.6245,12824.4413,3885.7492,10588.8073
6,FFT,float64,2048,2048,2048,4,4,MPI,2,21678.7897,7058.2963,13685.6553,10817.3128,2035.7594,7058.2963
6,IFFT,float64,2048,2048,2048,4,4,MPI,2,6337.5059,7075.8608,14399.6659,11716.6522,2226.2274,10646.2569
3,FFT,float64,2048,2048,2048,4,4,MPI,2,20513.1949,5631.4246,12806.1160,9557.5067,2198.3121,10380.6635
3,IFFT,float64,2048,2048,2048,4,4,MPI,2,10000.9049,6639.7734,17593.1755,12986.7755,3249.1315,10938.9071
7,FFT,float64,2048,2048,2048,4,4,MPI,2,21697.5570,2914.8036,11603.8166,7834.1680,2567.5810,7046.2634
7,IFFT,float64,2048,2048,2048,4,4,MPI,2,9372.3319,10351.6754,17847.0822,14752.7243,2358.9163,11169.2178
15,FFT,float64,2048,2048,2048,4,4,MPI,2,21796.3701,2906.7247,10454.6543,7699.1068,2267.6851,7107.2507
15,IFFT,float64,2048,2048,2048,4,4,MPI,2,9223.8546,9882.8954,17840.5137,14888.0365,2489.8495,11116.7984
8,FFT,float64,2048,2048,2048,1,16,NCCL,2,9354.1033,2970.0702,3060.0392,2984.4128,25.4151,2975.5276
8,IFFT,float64,2048,2048,2048,1,16,NCCL,2,3066.6989,2976.1463,2987.3080,2982.0201,3.5510,2976.1463
9,FFT,float64,2048,2048,2048,1,16,NCCL,2,9255.2784,2969.3381,3060.0699,2983.9703,25.5994,2975.2101
9,IFFT,float64,2048,2048,2048,1,16,NCCL,2,3066.6634,2976.1281,2987.9345,2982.4093,3.8038,2976.1281
14,FFT,float64,2048,2048,2048,1,16,NCCL,2,9291.5462,2969.9511,3060.3080,2983.6761,25.7192,2975.2211
14,IFFT,float64,2048,2048,2048,1,16,NCCL,2,3066.8353,2978.9183,2987.3982,2983.1958,2.5733,2980.6405
11,FFT,float64,2048,2048,2048,1,16,NCCL,2,9277.6876,2970.0337,3060.9760,2984.5686,25.7212,2977.7437
11,IFFT,float64,2048,2048,2048,1,16,NCCL,2,3066.4986,2977.4560,2985.0137,2982.6304,2.3474,2980.6069
12,FFT,float64,2048,2048,2048,1,16,NCCL,2,9261.8275,2970.5942,3060.4086,2983.3930,25.8303,2971.2553
12,IFFT,float64,2048,2048,2048,1,16,NCCL,2,3061.9822,2978.4945,2989.3144,2983.9461,3.3045,2984.6895
13,FFT,float64,2048,2048,2048,1,16,NCCL,2,9295.5372,2970.4051,3060.8366,2983.0297,26.0561,2970.6185
13,IFFT,float64,2048,2048,2048,1,16,NCCL,2,3060.7693,2978.4400,2989.2058,2984.3592,3.2171,2984.4004
10,FFT,float64,2048,2048,2048,1,16,NCCL,2,9252.0355,2968.8257,3061.6734,2984.4384,26.0458,2977.5862
10,IFFT,float64,2048,2048,2048,1,16,NCCL,2,3066.7071,2977.0114,2986.1215,2982.8233,2.7270,2980.7650
15,FFT,float64,2048,2048,2048,1,16,NCCL,2,9248.6341,2968.6032,3061.1718,2983.2128,26.2128,2976.6113
15,IFFT,float64,2048,2048,2048,1,16,NCCL,2,3066.3400,2979.4220,2989.6062,2983.8732,2.8771,2980.6930
2,FFT,float64,2048,2048,2048,1,16,NCCL,2,9298.2494,2968.3156,3059.8163,2981.9856,26.0748,2972.6614
2,IFFT,float64,2048,2048,2048,1,16,NCCL,2,3054.9362,2982.5951,2990.3563,2985.4055,2.7379,2982.5951
3,FFT,float64,2048,2048,2048,1,16,NCCL,2,9275.5334,2967.0876,3057.1477,2981.5925,25.3342,2972.1970
3,IFFT,float64,2048,2048,2048,1,16,NCCL,2,3055.1696,2982.4770,2990.4655,2985.5484,2.8362,2982.7487
5,FFT,float64,2048,2048,2048,1,16,NCCL,2,9252.7503,2966.6735,3058.3586,2981.4250,25.9224,2971.8134
5,IFFT,float64,2048,2048,2048,1,16,NCCL,2,3060.9069,2982.8304,2990.0436,2985.7389,2.8170,2983.1988
6,FFT,float64,2048,2048,2048,1,16,NCCL,2,9292.0229,2968.7955,3056.0257,2981.5758,24.9825,2972.2245
6,IFFT,float64,2048,2048,2048,1,16,NCCL,2,3051.7911,2981.8881,2990.3854,2985.4692,3.3336,2982.8510
1,FFT,float64,2048,2048,2048,1,16,NCCL,2,9260.2153,2966.8897,3056.9846,2981.4076,25.4841,2971.7671
1,IFFT,float64,2048,2048,2048,1,16,NCCL,2,3048.8945,2982.6161,2990.1781,2985.7122,3.0769,2983.2772
0,FFT,float64,2048,2048,2048,1,16,NCCL,2,9280.2645,2967.1129,3059.6537,2981.6274,26.2943,2972.0024
0,IFFT,float64,2048,2048,2048,1,16,NCCL,2,3049.2295,2982.7542,2990.4972,2985.7625,3.0950,2983.0788
4,FFT,float64,2048,2048,2048,1,16,NCCL,2,9360.9092,2966.7160,3056.4067,2981.1752,25.3605,2971.6624
4,IFFT,float64,2048,2048,2048,1,16,NCCL,2,3060.6541,2982.8118,2990.5307,2985.8925,2.9332,2983.4286
7,FFT,float64,2048,2048,2048,1,16,NCCL,2,9272.9793,2968.8099,3060.2035,2981.8993,26.2639,2972.2513
7,IFFT,float64,2048,2048,2048,1,16,NCCL,2,3053.7487,2982.2359,2990.4232,2985.5469,3.2123,2982.9358
1,FFT,float64,2048,2048,2048,1,16,MPI,2,23444.7610,10839.8463,16404.8232,12288.2319,1636.6662,12766.3012
1,IFFT,float64,2048,2048,2048,1,16,MPI,2,9489.4610,6989.1815,16296.6539,10404.6687,2624.7299,11739.9768
0,FFT,float64,2048,2048,2048,1,16,MPI,2,25882.9514,7315.7192,17446.6819,11872.9577,3171.3467,7315.7192
0,IFFT,float64,2048,2048,2048,1,16,MPI,2,9723.0031,8448.4141,15471.7112,10960.4098,2001.7992,8448.4141
12,FFT,float64,2048,2048,2048,1,16,MPI,2,25459.0074,8800.2340,14095.3614,11218.6044,1690.0995,10493.7736
12,IFFT,float64,2048,2048,2048,1,16,MPI,2,10056.2864,7753.7223,16150.2798,11681.5777,2082.0805,10733.8336
11,FFT,float64,2048,2048,2048,1,16,MPI,2,24447.5317,6556.0756,17285.7974,11182.4371,2711.6195,13237.5145
11,IFFT,float64,2048,2048,2048,1,16,MPI,2,9979.4173,7922.7367,16626.9590,11789.1457,2264.7355,11414.3428
3,FFT,float64,2048,2048,2048,1,16,MPI,2,25523.4762,9128.7374,17711.9695,12330.3244,2521.2653,10556.0921
3,IFFT,float64,2048,2048,2048,1,16,MPI,2,9623.0005,6563.6145,14760.2932,10661.0854,2451.5127,12467.4525
4,FFT,float64,2048,2048,2048,1,16,MPI,2,23656.7586,8204.8029,17925.1797,11508.9428,2619.2206,10548.4030
4,IFFT,float64,2048,2048,2048,1,16,MPI,2,9723.8616,8327.4832,14246.2930,11548.3394,1600.6470,12182.2111
5,FFT,float64,2048,2048,2048,1,16,MPI,2,23831.7060,9932.9064,14115.4515,12073.7156,1386.4476,10151.7067
5,IFFT,float64,2048,2048,2048,1,16,MPI,2,9824.9992,8441.8248,14631.0224,11013.0129,1907.8628,12084.6754
7,FFT,float64,2048,2048,2048,1,16,MPI,2,24543.1795,8721.6856,15093.8942,11895.5975,1765.2848,8721.6856
7,IFFT,float64,2048,2048,2048,1,16,MPI,2,10488.4507,7965.8686,16018.2579,11228.9556,2230.5065,10285.2726
13,FFT,float64,2048,2048,2048,1,16,MPI,2,24003.6038,6207.6898,13884.4371,10490.6568,2397.9048,11076.3671
13,IFFT,float64,2048,2048,2048,1,16,MPI,2,10777.6869,9164.1754,16624.7595,12648.5521,1965.5235,10974.9686
2,FFT,float64,2048,2048,2048,1,16,MPI,2,24082.8380,8749.1373,14552.3113,12323.3356,1759.6331,8749.1373
2,IFFT,float64,2048,2048,2048,1,16,MPI,2,10607.7467,9137.9916,13094.1786,10820.5041,1110.1381,9825.5238
14,FFT,float64,2048,2048,2048,1,16,MPI,2,23693.9561,9458.1299,13988.0292,12005.5330,1530.5018,9499.0892
14,IFFT,float64,2048,2048,2048,1,16,MPI,2,10980.2603,9145.9164,14406.4564,11149.2555,1791.3757,9539.4616
10,FFT,float64,2048,2048,2048,1,16,MPI,2,25747.3479,10450.2767,14043.7527,12048.3622,1087.1541,10450.2767
10,IFFT,float64,2048,2048,2048,1,16,MPI,2,9351.2941,7287.9992,13822.8772,11114.8808,1889.4504,10974.7530
9,FFT,float64,2048,2048,2048,1,16,MPI,2,25503.0554,6030.0651,17940.0685,12600.1296,2842.3615,13384.2676
9,IFFT,float64,2048,2048,2048,1,16,MPI,2,9862.4101,5898.8909,13064.2182,10563.3061,1860.2017,13064.2182
15,FFT,float64,2048,2048,2048,1,16,MPI,2,25513.0128,8607.6265,13475.8062,11593.7759,1506.2741,10227.4535
15,IFFT,float64,2048,2048,2048,1,16,MPI,2,9957.5938,8333.3754,16577.3517,11571.1995,2385.1874,8333.3754
8,FFT,float64,2048,2048,2048,1,16,MPI,2,24084.1633,6876.5936,19015.7327,12183.3668,3052.1450,13639.7058
8,IFFT,float64,2048,2048,2048,1,16,MPI,2,11184.3765,6678.0665,17119.3596,10992.0989,2744.9631,12926.7820
6,FFT,float64,2048,2048,2048,1,16,MPI,2,24059.1081,10329.0906,14379.7106,12682.9988,1177.2193,10329.0906
6,IFFT,float64,2048,2048,2048,1,16,MPI,2,10565.5915,8473.3415,12664.4886,10495.4220,1239.6415,8473.3415
2,FFT,float64,2048,2048,2048,16,1,NCCL,2,9368.2088,2966.4950,3053.5359,2980.7206,24.8074,2966.4950
2,IFFT,float64,2048,2048,2048,16,1,NCCL,2,3057.8781,2977.6671,2996.5783,2986.7807,5.5495,2979.6774
0,FFT,float64,2048,2048,2048,16,1,NCCL,2,9406.5126,2966.2430,3053.8152,2980.6192,24.9633,2966.2430
0,IFFT,float64,2048,2048,2048,16,1,NCCL,2,3057.8873,2977.4415,2997.5067,2986.9317,5.7559,2980.0117
4,FFT,float64,2048,2048,2048,16,1,NCCL,2,9379.8294,2966.5216,3054.6129,2981.9637,24.6773,2966.5216
4,IFFT,float64,2048,2048,2048,16,1,NCCL,2,3057.9329,2977.5354,2997.2710,2985.5954,5.3690,2979.7840
6,FFT,float64,2048,2048,2048,16,1,NCCL,2,9362.1581,2967.5910,3055.6640,2981.4044,25.0096,2967.7456
6,IFFT,float64,2048,2048,2048,16,1,NCCL,2,3058.0754,2983.3224,2992.0215,2987.2897,2.9883,2988.5727
7,FFT,float64,2048,2048,2048,16,1,NCCL,2,9559.8931,2967.7269,3054.7739,2981.4962,24.6440,2968.9292
7,IFFT,float64,2048,2048,2048,16,1,NCCL,2,3058.4331,2983.1412,2992.2777,2987.1296,2.8423,2987.5725
5,FFT,float64,2048,2048,2048,16,1,NCCL,2,9419.7021,2966.4226,3054.1682,2981.9159,24.5088,2966.4226
5,IFFT,float64,2048,2048,2048,16,1,NCCL,2,3057.9878,2977.6841,2996.4575,2985.6309,5.2070,2979.7620
12,FFT,float64,2048,2048,2048,16,1,NCCL,2,9336.1638,2967.5891,3053.0353,2983.8451,23.3349,2976.8364
12,IFFT,float64,2048,2048,2048,16,1,NCCL,2,3059.5101,2976.4107,2991.3854,2984.7230,4.5368,2986.9376
3,FFT,float64,2048,2048,2048,16,1,NCCL,2,9356.6506,2966.5400,3055.0976,2980.8805,25.2794,2966.5400
3,IFFT,float64,2048,2048,2048,16,1,NCCL,2,3057.8268,2977.4469,2997.2892,2986.7052,5.6932,2979.8246
1,FFT,float64,2048,2048,2048,16,1,NCCL,2,9359.3929,2965.9846,3055.1107,2980.8499,25.3378,2965.9846
1,IFFT,float64,2048,2048,2048,16,1,NCCL,2,3058.9268,2977.3554,2997.8055,2986.7591,5.7388,2980.3047
13,FFT,float64,2048,2048,2048,16,1,NCCL,2,9288.1617,2968.8784,3053.2862,2983.6875,23.4903,2976.4357
13,IFFT,float64,2048,2048,2048,16,1,NCCL,2,3058.9395,2976.5837,2992.6429,2984.7348,4.6440,2987.3362
14,FFT,float64,2048,2048,2048,16,1,NCCL,2,9313.4389,2964.9211,3051.0272,2979.6141,24.1500,2969.6685
14,IFFT,float64,2048,2048,2048,16,1,NCCL,2,3057.8225,2982.9285,2994.7296,2988.8636,3.6477,2987.2797
9,FFT,float64,2048,2048,2048,16,1,NCCL,2,9288.6058,2966.9612,3050.3843,2982.1476,23.2822,2976.4435
9,IFFT,float64,2048,2048,2048,16,1,NCCL,2,3053.2394,2979.9127,2991.2650,2986.2839,3.6246,2987.3608
8,FFT,float64,2048,2048,2048,16,1,NCCL,2,9306.1507,2967.1869,3050.9127,2982.4883,23.3375,2976.6584
8,IFFT,float64,2048,2048,2048,16,1,NCCL,2,3053.5221,2978.1559,2991.1525,2986.0425,3.8100,2987.4836
15,FFT,float64,2048,2048,2048,16,1,NCCL,2,9363.8896,2963.9993,3052.1014,2979.5473,24.4973,2968.9560
15,IFFT,float64,2048,2048,2048,16,1,NCCL,2,3057.9524,2982.5191,2995.3439,2989.0066,3.6758,2987.4637
10,FFT,float64,2048,2048,2048,16,1,NCCL,2,9316.0746,2965.0727,3050.9755,2982.2413,23.4061,2976.9708
10,IFFT,float64,2048,2048,2048,16,1,NCCL,2,3056.0364,2980.2526,2995.2882,2986.2266,4.4085,2987.1926
11,FFT,float64,2048,2048,2048,16,1,NCCL,2,9290.5044,2965.2127,3049.9350,2982.5702,22.9054,2976.7516
11,IFFT,float64,2048,2048,2048,16,1,NCCL,2,3056.0536,2980.2466,2994.7458,2985.9456,4.4259,2987.5553
8,FFT,float64,2048,2048,2048,16,1,MPI,2,25319.8607,9319.4197,20521.6419,12813.1695,3208.1065,11033.0436
8,IFFT,float64,2048,2048,2048,16,1,MPI,2,9072.1673,6245.2535,14074.9117,9945.0188,2332.0688,6245.2535
11,FFT,float64,2048,2048,2048,16,1,MPI,2,25376.2289,9255.3996,15305.6460,12181.0808,1876.1650,13902.4362
11,IFFT,float64,2048,2048,2048,16,1,MPI,2,9177.2056,7104.5280,15172.8096,10699.6573,2264.4762,7104.5280
0,FFT,float64,2048,2048,2048,16,1,MPI,2,25510.3658,6123.2314,15926.1976,11630.9721,2828.7320,10374.8146
0,IFFT,float64,2048,2048,2048,16,1,MPI,2,8840.7136,4991.6244,18276.0498,11386.7564,4058.7715,12608.5210
1,FFT,float64,2048,2048,2048,16,1,MPI,2,25351.3072,6230.3951,15760.9048,10452.2946,3158.8782,8703.2287
1,IFFT,float64,2048,2048,2048,16,1,MPI,2,8659.5674,6058.9118,18248.9442,12605.4658,3711.6007,14494.8803
13,FFT,float64,2048,2048,2048,16,1,MPI,2,24087.6321,7970.1199,16255.6309,12473.7459,2226.6624,12773.8512
13,IFFT,float64,2048,2048,2048,16,1,MPI,2,8241.9817,8407.7591,13421.4908,10618.3493,1635.3041,9205.9579
10,FFT,float64,2048,2048,2048,16,1,MPI,2,25174.1153,9721.5342,15162.8093,12553.7527,1599.7670,10878.3468
10,IFFT,float64,2048,2048,2048,16,1,MPI,2,8337.9042,9638.1371,14459.8499,10715.0382,1322.5543,10442.2393
2,FFT,float64,2048,2048,2048,16,1,MPI,2,23589.0246,9834.8831,15086.5951,11801.9942,1528.1791,10203.4139
2,IFFT,float64,2048,2048,2048,16,1,MPI,2,10383.8782,9896.0133,14460.9988,11471.0042,1729.7333,10472.4734
3,FFT,float64,2048,2048,2048,16,1,MPI,2,24202.6409,8012.0091,13499.7652,11221.4449,1686.9032,8012.0091
3,IFFT,float64,2048,2048,2048,16,1,MPI,2,10416.3468,7537.6169,18051.9080,12061.3529,2906.0705,13376.4875
4,FFT,float64,2048,2048,2048,16,1,MPI,2,22852.1822,7608.5042,12399.1223,10794.0707,1459.4064,11256.7299
4,IFFT,float64,2048,2048,2048,16,1,MPI,2,10421.8299,9692.5858,16869.8502,12561.0972,2026.1108,10858.2768
14,FFT,float64,2048,2048,2048,16,1,MPI,2,24175.2463,9376.9389,15101.8333,12527.4722,1576.9124,12876.9386
14,IFFT,float64,2048,2048,2048,16,1,MPI,2,9045.9951,8756.1249,13399.6743,10830.2760,1218.0840,10835.5554
9,FFT,float64,2048,2048,2048,16,1,MPI,2,25426.9418,7795.2961,19909.7840,12209.9849,3751.9716,11226.2727
9,IFFT,float64,2048,2048,2048,16,1,MPI,2,9219.7337,8765.5614,13519.3756,11161.3973,1426.5949,10940.0850
6,FFT,float64,2048,2048,2048,16,1,MPI,2,22087.8514,9812.7919,14276.7291,12142.8234,1396.8492,10795.9032
6,IFFT,float64,2048,2048,2048,16,1,MPI,2,12440.4636,9661.2819,12334.7021,11248.6692,895.2468,11094.8391
7,FFT,float64,2048,2048,2048,16,1,MPI,2,23730.1866,10629.9251,14822.0318,12380.3409,1471.8282,10629.9251
7,IFFT,float64,2048,2048,2048,16,1,MPI,2,10979.4521,8859.3253,14568.8867,11012.4280,1580.8266,11167.2760
15,FFT,float64,2048,2048,2048,16,1,MPI,2,25132.0446,9104.8728,16621.4948,12434.7043,2139.2083,10814.9363
15,IFFT,float64,2048,2048,2048,16,1,MPI,2,8772.2854,8137.2445,14203.7918,10974.0273,1811.8232,11109.9194
5,FFT,float64,2048,2048,2048,16,1,MPI,2,24467.6192,8025.4849,15396.1075,11950.7349,2228.2568,11457.5788
5,IFFT,float64,2048,2048,2048,16,1,MPI,2,9749.1087,9051.3195,14665.2901,11458.4403,1463.9030,11122.7227
12,FFT,float64,2048,2048,2048,16,1,MPI,2,24047.3093,9906.1898,16985.2517,13085.5558,2133.7427,13377.3711
12,IFFT,float64,2048,2048,2048,16,1,MPI,2,7247.9133,6945.8860,12350.3108,10322.8973,1670.1224,12350.3108
