5,FFT,float32,1024,1024,1024,4,4,NCCL,4,1142.9639,135.3051,211.4622,144.0075,22.5068,137.3540
5,IFFT,float32,1024,1024,1024,4,4,NCCL,4,232.1573,136.4773,140.7608,138.2552,1.1513,137.7123
4,FFT,float32,1024,1024,1024,4,4,NCCL,4,1144.5361,135.5865,211.0368,144.4380,22.2283,137.0250
4,IFFT,float32,1024,1024,1024,4,4,NCCL,4,232.0430,136.3799,140.3208,137.6520,1.0567,136.3799
7,FFT,float32,1024,1024,1024,4,4,NCCL,4,1143.8628,136.1302,211.6614,144.6267,22.3599,137.1650
7,IFFT,float32,1024,1024,1024,4,4,NCCL,4,229.8853,136.5213,138.6894,137.5281,0.7415,136.5213
6,FFT,float32,1024,1024,1024,4,4,NCCL,4,1144.0630,135.8468,211.1562,144.6616,22.1911,137.2908
6,IFFT,float32,1024,1024,1024,4,4,NCCL,4,230.0492,136.4453,138.5040,137.4354,0.7462,136.4453
12,FFT,float32,1024,1024,1024,4,4,NCCL,4,1137.0725,135.4248,224.1388,145.8738,26.1539,136.2407
12,IFFT,float32,1024,1024,1024,4,4,NCCL,4,234.1590,136.3662,140.2453,137.3572,1.2293,139.2351
15,FFT,float32,1024,1024,1024,4,4,NCCL,4,1138.4141,134.2708,224.5403,145.7288,26.3593,135.3870
15,IFFT,float32,1024,1024,1024,4,4,NCCL,4,231.8136,136.8190,138.6350,137.4261,0.5922,138.0996
13,FFT,float32,1024,1024,1024,4,4,NCCL,4,1137.2654,134.5310,219.6151,144.9785,24.9768,135.3837
13,IFFT,float32,1024,1024,1024,4,4,NCCL,4,234.1067,136.6883,142.3779,138.1247,1.8508,142.3779
14,FFT,float32,1024,1024,1024,4,4,NCCL,4,1138.3748,135.3304,224.3596,145.8980,26.2278,135.3304
14,IFFT,float32,1024,1024,1024,4,4,NCCL,4,231.8201,136.7579,138.2979,137.2493,0.5185,138.2979
0,FFT,float32,1024,1024,1024,4,4,NCCL,4,1135.0395,135.3868,210.6894,144.2771,22.1834,136.4400
0,IFFT,float32,1024,1024,1024,4,4,NCCL,4,231.1979,136.6738,141.7041,138.0457,1.7164,137.2343
3,FFT,float32,1024,1024,1024,4,4,NCCL,4,1135.2184,134.0982,211.1340,143.4771,22.5909,136.0651
3,IFFT,float32,1024,1024,1024,4,4,NCCL,4,232.5936,136.7397,144.8632,138.8775,2.6188,137.0395
2,FFT,float32,1024,1024,1024,4,4,NCCL,4,1135.1770,135.3882,211.2781,144.1673,22.3926,136.5515
2,IFFT,float32,1024,1024,1024,4,4,NCCL,4,232.6881,136.6655,142.4900,138.2245,2.0069,137.3399
1,FFT,float32,1024,1024,1024,4,4,NCCL,4,1134.7002,134.7447,210.8576,143.8783,22.3687,136.5576
1,IFFT,float32,1024,1024,1024,4,4,NCCL,4,230.9874,136.7999,142.7970,138.5814,2.0423,138.4026
9,FFT,float32,1024,1024,1024,4,4,NCCL,4,1141.4199,134.5923,208.8853,144.0278,21.7258,136.7452
9,IFFT,float32,1024,1024,1024,4,4,NCCL,4,232.5087,136.6150,140.9286,137.9997,1.5057,140.9286
8,FFT,float32,1024,1024,1024,4,4,NCCL,4,1141.2399,135.5115,209.3441,144.3460,21.7327,136.7595
8,IFFT,float32,1024,1024,1024,4,4,NCCL,4,232.5919,136.4621,139.9998,137.3948,0.9863,137.6986
10,FFT,float32,1024,1024,1024,4,4,NCCL,4,1139.4931,135.5220,209.0997,144.7284,21.5355,137.0799
10,IFFT,float32,1024,1024,1024,4,4,NCCL,4,228.8491,136.5459,137.6453,136.8962,0.3507,136.5765
11,FFT,float32,1024,1024,1024,4,4,NCCL,4,1139.6116,135.3037,210.1508,144.8281,21.8523,137.0220
11,IFFT,float32,1024,1024,1024,4,4,NCCL,4,228.6124,136.5257,137.4405,136.9105,0.2693,136.7343
4,FFT,float32,1024,1024,1024,4,4,MPI,4,3721.5781,671.9790,984.0264,784.2846,97.6601,832.3309
4,IFFT,float32,1024,1024,1024,4,4,MPI,4,521.1370,392.8016,572.7286,487.6705,65.2299,411.6940
6,FFT,float32,1024,1024,1024,4,4,MPI,4,3716.0436,744.6538,985.3804,872.3400,72.4561,985.3804
6,IFFT,float32,1024,1024,1024,4,4,MPI,4,417.8822,239.6418,554.3661,402.8025,99.9034,443.4365
5,FFT,float32,1024,1024,1024,4,4,MPI,4,3754.2938,501.1022,776.2146,622.0222,87.4321,698.2294
5,IFFT,float32,1024,1024,1024,4,4,MPI,4,723.5642,483.3474,890.8143,657.1406,109.1030,483.3474
7,FFT,float32,1024,1024,1024,4,4,MPI,4,3855.1137,403.8708,776.9498,579.3722,110.0267,707.0056
7,IFFT,float32,1024,1024,1024,4,4,MPI,4,777.3359,518.0267,882.9772,720.7407,84.8028,692.3866
10,FFT,float32,1024,1024,1024,4,4,MPI,4,3759.4144,783.4342,996.4269,864.9360,70.3094,996.4269
10,IFFT,float32,1024,1024,1024,4,4,MPI,4,493.0062,298.0084,497.2576,410.7286,74.4936,314.2247
3,FFT,float32,1024,1024,1024,4,4,MPI,4,3724.5266,460.3961,768.2044,635.0232,104.3903,617.0008
3,IFFT,float32,1024,1024,1024,4,4,MPI,4,776.4426,568.5257,760.2580,671.7390,69.7972,602.9556
1,FFT,float32,1024,1024,1024,4,4,MPI,4,3714.9989,532.2442,782.1317,664.6057,75.7690,617.4718
1,IFFT,float32,1024,1024,1024,4,4,MPI,4,795.2989,406.3559,804.3454,633.9843,112.2426,521.7648
13,FFT,float32,1024,1024,1024,4,4,MPI,4,3889.9295,466.8653,680.0846,585.4890,63.6592,619.8255
13,IFFT,float32,1024,1024,1024,4,4,MPI,4,735.6186,522.6760,813.4406,715.1159,81.8557,522.6760
9,FFT,float32,1024,1024,1024,4,4,MPI,4,3772.3570,455.6259,783.4394,585.6440,90.3915,619.8985
9,IFFT,float32,1024,1024,1024,4,4,MPI,4,801.1413,507.1592,819.5031,709.3533,95.8922,507.1592
8,FFT,float32,1024,1024,1024,4,4,MPI,4,3763.0269,635.0074,844.3839,724.3487,62.9582,844.3839
8,IFFT,float32,1024,1024,1024,4,4,MPI,4,714.7493,424.2822,709.7079,572.1485,71.4277,522.6632
2,FFT,float32,1024,1024,1024,4,4,MPI,4,3742.9150,733.4001,1084.9810,886.1274,111.6694,1020.3264
2,IFFT,float32,1024,1024,1024,4,4,MPI,4,471.5421,251.7565,550.5316,394.1257,97.3905,338.5318
12,FFT,float32,1024,1024,1024,4,4,MPI,4,3871.1955,646.1695,871.1824,715.0421,64.6055,871.1824
12,IFFT,float32,1024,1024,1024,4,4,MPI,4,623.8901,493.3885,714.0962,582.8480,68.1767,495.8518
11,FFT,float32,1024,1024,1024,4,4,MPI,4,3801.5017,415.6692,783.9422,540.6995,109.8794,657.1408
11,IFFT,float32,1024,1024,1024,4,4,MPI,4,782.6579,594.7007,809.5333,763.0810,59.3638,594.7007
0,FFT,float32,1024,1024,1024,4,4,MPI,4,3693.4225,658.3063,1022.2558,803.1372,97.4373,1022.2558
0,IFFT,float32,1024,1024,1024,4,4,MPI,4,719.8176,290.2308,678.2357,493.4756,105.4244,502.2622
14,FFT,float32,1024,1024,1024,4,4,MPI,4,3858.3325,679.8923,1023.9508,873.5959,90.3744,1023.9508
14,IFFT,float32,1024,1024,1024,4,4,MPI,4,432.8652,287.1984,500.3501,408.5746,64.7768,338.4272
15,FFT,float32,1024,1024,1024,4,4,MPI,4,3873.2769,462.0176,680.3420,536.7555,77.1581,619.5437
15,IFFT,float32,1024,1024,1024,4,4,MPI,4,696.7664,594.9702,809.6857,771.1108,61.0723,594.9702
13,FFT,float32,1024,1024,1024,1,16,NCCL,4,1134.5437,130.1413,209.9125,140.2624,23.3566,131.5394
13,IFFT,float32,1024,1024,1024,1,16,NCCL,4,224.4409,132.7633,137.0663,134.1719,1.3539,132.7633
14,FFT,float32,1024,1024,1024,1,16,NCCL,4,1205.2816,130.4296,210.3603,140.0539,23.5535,131.8853
14,IFFT,float32,1024,1024,1024,1,16,NCCL,4,224.8959,132.6085,137.3754,134.3920,1.4603,132.6085
12,FFT,float32,1024,1024,1024,1,16,NCCL,4,1134.6361,130.2733,209.9272,140.1528,23.3976,131.2176
12,IFFT,float32,1024,1024,1024,1,16,NCCL,4,224.7848,133.0301,137.5565,134.3612,1.4454,133.4186
15,FFT,float32,1024,1024,1024,1,16,NCCL,4,1134.7000,130.3299,210.6297,140.0793,23.6511,131.8849
15,IFFT,float32,1024,1024,1024,1,16,NCCL,4,224.7616,132.7363,137.4991,134.4158,1.4774,132.7363
1,FFT,float32,1024,1024,1024,1,16,NCCL,4,1162.2120,131.0343,209.6215,141.5014,22.8066,131.0343
1,IFFT,float32,1024,1024,1024,1,16,NCCL,4,226.1453,131.2884,134.3897,132.8417,0.9437,133.9949
2,FFT,float32,1024,1024,1024,1,16,NCCL,4,1227.9439,130.9815,210.7592,141.2505,23.2674,130.9815
2,IFFT,float32,1024,1024,1024,1,16,NCCL,4,224.9489,132.3322,134.2508,133.1584,0.5990,134.2508
11,FFT,float32,1024,1024,1024,1,16,NCCL,4,1162.1393,131.0884,205.7731,140.2669,21.9433,131.1208
11,IFFT,float32,1024,1024,1024,1,16,NCCL,4,226.0603,131.9078,135.6665,133.4440,1.2034,133.3298
5,FFT,float32,1024,1024,1024,1,16,NCCL,4,1226.3777,129.9559,211.2639,140.2178,23.8001,132.1739
5,IFFT,float32,1024,1024,1024,1,16,NCCL,4,224.4527,131.6977,135.4532,133.9064,1.1239,131.6977
3,FFT,float32,1024,1024,1024,1,16,NCCL,4,1237.3844,131.1376,211.0180,141.5251,23.2654,131.1376
3,IFFT,float32,1024,1024,1024,1,16,NCCL,4,225.6059,131.7300,134.1457,132.8636,0.7196,134.1457
0,FFT,float32,1024,1024,1024,1,16,NCCL,4,1162.4626,131.0995,209.8676,141.2159,22.9765,131.0995
0,IFFT,float32,1024,1024,1024,1,16,NCCL,4,226.0758,131.7604,134.3026,133.1160,0.8328,133.8266
10,FFT,float32,1024,1024,1024,1,16,NCCL,4,1215.3134,130.9681,205.5995,140.0461,21.9522,131.2802
10,IFFT,float32,1024,1024,1024,1,16,NCCL,4,225.4893,132.0798,135.7393,133.6258,1.0743,133.2460
8,FFT,float32,1024,1024,1024,1,16,NCCL,4,1164.3011,131.1469,205.9893,140.0509,22.0496,131.1607
8,IFFT,float32,1024,1024,1024,1,16,NCCL,4,225.4574,132.0368,135.9065,133.6662,1.2420,133.0681
6,FFT,float32,1024,1024,1024,1,16,NCCL,4,1221.3494,130.5270,212.5181,140.6922,24.0395,131.7258
6,IFFT,float32,1024,1024,1024,1,16,NCCL,4,224.8203,132.1805,135.2702,133.5526,0.9828,132.3708
7,FFT,float32,1024,1024,1024,1,16,NCCL,4,1253.6047,130.1949,212.5250,140.5156,24.1054,131.7345
7,IFFT,float32,1024,1024,1024,1,16,NCCL,4,224.5746,132.2398,135.3458,133.6920,0.9619,132.2398
4,FFT,float32,1024,1024,1024,1,16,NCCL,4,1206.4324,130.3712,210.9305,140.2140,23.6659,131.7665
4,IFFT,float32,1024,1024,1024,1,16,NCCL,4,224.5388,132.4298,135.5031,133.9745,0.9026,132.4298
9,FFT,float32,1024,1024,1024,1,16,NCCL,4,1191.7862,130.5038,206.7025,140.2179,22.2500,130.5038
9,IFFT,float32,1024,1024,1024,1,16,NCCL,4,225.9255,131.9076,135.3729,133.4978,1.2142,133.4586
0,FFT,float32,1024,1024,1024,1,16,MPI,4,6136.2697,409.0895,682.9224,525.9420,95.5790,490.9923
0,IFFT,float32,1024,1024,1024,1,16,MPI,4,1348.4789,306.3398,521.2769,442.0312,64.3212,408.6528
5,FFT,float32,1024,1024,1024,1,16,MPI,4,5554.6036,342.1263,667.9657,490.6254,102.1428,407.6084
5,IFFT,float32,1024,1024,1024,1,16,MPI,4,1786.5120,347.5931,597.6220,484.1069,78.6613,530.8936
6,FFT,float32,1024,1024,1024,1,16,MPI,4,6765.9472,409.6657,666.7218,525.5817,81.4133,424.3820
6,IFFT,float32,1024,1024,1024,1,16,MPI,4,721.9003,401.3955,556.8636,453.9994,49.8155,556.8636
3,FFT,float32,1024,1024,1024,1,16,MPI,4,5269.1607,325.6906,666.2649,491.0905,128.6017,650.4462
3,IFFT,float32,1024,1024,1024,1,16,MPI,4,2179.9794,300.7610,642.7227,487.2544,105.6501,346.3027
4,FFT,float32,1024,1024,1024,1,16,MPI,4,6728.7678,429.8484,659.8525,510.3559,72.5256,471.9004
4,IFFT,float32,1024,1024,1024,1,16,MPI,4,740.4874,412.6782,528.5175,472.0439,38.6278,451.7473
9,FFT,float32,1024,1024,1024,1,16,MPI,4,6761.3729,380.8330,659.4422,502.8757,83.0391,534.1800
9,IFFT,float32,1024,1024,1024,1,16,MPI,4,658.6758,350.7482,661.6484,475.2070,87.7089,449.5559
15,FFT,float32,1024,1024,1024,1,16,MPI,4,6898.0389,384.6603,592.3946,472.7880,57.9489,384.6603
15,IFFT,float32,1024,1024,1024,1,16,MPI,4,527.2757,442.7399,606.3845,509.5615,56.4954,510.5912
10,FFT,float32,1024,1024,1024,1,16,MPI,4,6770.3868,430.3740,666.1800,527.7441,69.3041,568.0949
10,IFFT,float32,1024,1024,1024,1,16,MPI,4,737.8872,315.7506,541.0570,451.6468,65.3994,449.8900
8,FFT,float32,1024,1024,1024,1,16,MPI,4,6283.2632,405.7910,703.7045,504.9535,91.8414,405.7910
8,IFFT,float32,1024,1024,1024,1,16,MPI,4,1085.1014,431.4325,509.8671,479.3176,23.9783,482.0761
13,FFT,float32,1024,1024,1024,1,16,MPI,4,6838.7861,375.0409,584.8969,474.9934,62.4092,485.1810
13,IFFT,float32,1024,1024,1024,1,16,MPI,4,790.3315,426.7659,691.5212,512.0891,68.6318,426.7659
1,FFT,float32,1024,1024,1024,1,16,MPI,4,5715.2175,268.1487,710.6321,491.0976,134.5262,710.6321
1,IFFT,float32,1024,1024,1024,1,16,MPI,4,1768.8474,317.7179,713.9825,494.6803,126.3456,360.1468
7,FFT,float32,1024,1024,1024,1,16,MPI,4,6899.7356,432.0581,661.6005,525.7560,68.1593,520.4418
7,IFFT,float32,1024,1024,1024,1,16,MPI,4,727.3349,384.3537,548.7886,462.7935,42.6864,384.3537
2,FFT,float32,1024,1024,1024,1,16,MPI,4,5660.9596,413.5911,696.2938,528.7526,83.5533,534.9869
2,IFFT,float32,1024,1024,1024,1,16,MPI,4,1827.9702,360.5452,566.5231,462.8817,76.1678,372.3740
12,FFT,float32,1024,1024,1024,1,16,MPI,4,6861.7919,281.0614,528.1850,463.3478,70.7441,528.1850
12,IFFT,float32,1024,1024,1024,1,16,MPI,4,520.6733,396.2086,782.5467,530.7414,104.7470,396.2086
14,FFT,float32,1024,1024,1024,1,16,MPI,4,6879.6673,408.3612,699.3330,515.7390,82.8331,506.2272
14,IFFT,float32,1024,1024,1024,1,16,MPI,4,494.7159,402.3177,542.3912,476.7599,41.1013,402.3177
11,FFT,float32,1024,1024,1024,1,16,MPI,4,6305.1611,420.0863,692.9281,512.9355,88.3966,523.6142
11,IFFT,float32,1024,1024,1024,1,16,MPI,4,1061.1966,390.4342,556.5324,481.1561,43.9857,390.4342
9,FFT,float32,1024,1024,1024,16,1,NCCL,4,1172.8051,129.6569,204.6562,138.8619,21.9599,133.3229
9,IFFT,float32,1024,1024,1024,16,1,NCCL,4,224.6882,132.7701,138.0478,134.4427,1.4553,138.0478
0,FFT,float32,1024,1024,1024,16,1,NCCL,4,1166.4665,130.1045,208.8422,138.8614,23.3387,130.8792
0,IFFT,float32,1024,1024,1024,16,1,NCCL,4,225.7816,133.0892,140.2807,135.1140,2.2065,140.2807
10,FFT,float32,1024,1024,1024,16,1,NCCL,4,1186.2260,130.5075,206.3439,139.0943,22.4469,133.7219
10,IFFT,float32,1024,1024,1024,16,1,NCCL,4,226.0716,133.1692,137.6285,134.1954,1.5170,137.6285
8,FFT,float32,1024,1024,1024,16,1,NCCL,4,1206.3319,130.1315,203.5911,138.7739,21.6317,133.3684
8,IFFT,float32,1024,1024,1024,16,1,NCCL,4,224.8209,133.0033,137.5813,134.4879,1.4973,137.5813
2,FFT,float32,1024,1024,1024,16,1,NCCL,4,1180.5423,129.9659,209.6050,138.9254,23.5727,130.9589
2,IFFT,float32,1024,1024,1024,16,1,NCCL,4,225.6335,133.0834,140.4502,135.1274,2.2223,140.4502
15,FFT,float32,1024,1024,1024,16,1,NCCL,4,1208.8576,130.4298,217.1031,140.4184,25.5909,134.2709
15,IFFT,float32,1024,1024,1024,16,1,NCCL,4,226.4834,132.6437,137.7423,133.8679,1.6952,136.5909
7,FFT,float32,1024,1024,1024,16,1,NCCL,4,1163.4373,130.7426,209.6838,139.5402,23.3891,132.7433
7,IFFT,float32,1024,1024,1024,16,1,NCCL,4,226.0286,132.8899,137.4515,134.1306,1.2352,137.4515
11,FFT,float32,1024,1024,1024,16,1,NCCL,4,1175.9073,130.3805,204.5875,138.8383,21.9392,132.8916
11,IFFT,float32,1024,1024,1024,16,1,NCCL,4,225.8461,133.0023,138.6662,134.4376,1.6736,138.6662
3,FFT,float32,1024,1024,1024,16,1,NCCL,4,1148.4986,129.7294,208.2748,138.6679,23.2206,130.4742
3,IFFT,float32,1024,1024,1024,16,1,NCCL,4,226.2448,133.0229,141.0815,135.2916,2.4374,141.0815
6,FFT,float32,1024,1024,1024,16,1,NCCL,4,1163.3230,130.6770,210.0486,139.5331,23.5160,132.9905
6,IFFT,float32,1024,1024,1024,16,1,NCCL,4,226.0935,133.1000,138.0926,134.2455,1.3748,138.0926
1,FFT,float32,1024,1024,1024,16,1,NCCL,4,1143.0217,129.7505,208.6814,138.7245,23.3337,130.3157
1,IFFT,float32,1024,1024,1024,16,1,NCCL,4,225.9654,132.9836,141.0697,135.2587,2.4475,141.0697
12,FFT,float32,1024,1024,1024,16,1,NCCL,4,1162.7768,130.2744,216.7656,140.2624,25.5266,133.9279
12,IFFT,float32,1024,1024,1024,16,1,NCCL,4,226.1324,132.5261,136.9277,133.9645,1.4846,136.5971
4,FFT,float32,1024,1024,1024,16,1,NCCL,4,1131.1641,130.6735,209.4397,139.4763,23.3329,132.9504
4,IFFT,float32,1024,1024,1024,16,1,NCCL,4,226.3855,133.0834,136.6474,134.0889,1.1662,136.6474
13,FFT,float32,1024,1024,1024,16,1,NCCL,4,1173.1095,130.1032,217.3135,140.4092,25.6622,134.0842
13,IFFT,float32,1024,1024,1024,16,1,NCCL,4,225.9513,132.3194,137.3924,133.8810,1.6390,136.7332
5,FFT,float32,1024,1024,1024,16,1,NCCL,4,1171.9497,130.7120,209.6752,139.6063,23.3741,133.2058
5,IFFT,float32,1024,1024,1024,16,1,NCCL,4,226.2251,133.0186,135.9459,133.8500,0.9795,135.1684
14,FFT,float32,1024,1024,1024,16,1,NCCL,4,1212.5514,130.5217,217.6452,140.3657,25.7843,133.9905
14,IFFT,float32,1024,1024,1024,16,1,NCCL,4,226.4214,132.7787,137.1128,133.9603,1.4882,136.6444
1,FFT,float32,1024,1024,1024,16,1,MPI,4,5701.0060,311.9213,766.2144,466.0342,131.7697,311.9213
1,IFFT,float32,1024,1024,1024,16,1,MPI,4,3302.7133,401.8261,676.7360,511.8066,91.8270,514.7058
2,FFT,float32,1024,1024,1024,16,1,MPI,4,5691.1453,245.8685,760.8889,460.1978,147.0835,424.4382
2,IFFT,float32,1024,1024,1024,16,1,MPI,4,3307.6238,368.8699,796.9043,519.8240,126.8662,599.8359
10,FFT,float32,1024,1024,1024,16,1,MPI,4,8587.7759,389.2168,744.0671,516.7256,107.0238,482.8954
10,IFFT,float32,1024,1024,1024,16,1,MPI,4,1279.1491,367.8696,620.8701,468.6577,68.1186,520.7877
8,FFT,float32,1024,1024,1024,16,1,MPI,4,8543.9492,400.7725,760.8352,531.2559,109.7342,511.7823
8,IFFT,float32,1024,1024,1024,16,1,MPI,4,1296.3185,381.6786,516.7717,453.1004,48.0500,464.3283
9,FFT,float32,1024,1024,1024,16,1,MPI,4,8607.0437,386.2104,778.8247,523.7156,111.9731,450.0794
9,IFFT,float32,1024,1024,1024,16,1,MPI,4,1258.2029,371.2155,618.6062,472.2596,78.7764,379.7993
11,FFT,float32,1024,1024,1024,16,1,MPI,4,8683.0918,340.5395,741.6801,493.5754,103.6086,490.7233
11,IFFT,float32,1024,1024,1024,16,1,MPI,4,1220.7121,377.1898,701.5533,505.5924,89.8391,377.1898
3,FFT,float32,1024,1024,1024,16,1,MPI,4,5600.8326,344.4435,774.0734,505.2363,107.1127,495.2313
3,IFFT,float32,1024,1024,1024,16,1,MPI,4,3412.4965,394.7932,595.6317,491.9733,60.3386,394.7932
0,FFT,float32,1024,1024,1024,16,1,MPI,4,5695.8130,345.2300,720.9708,511.6747,107.1986,482.5510
0,IFFT,float32,1024,1024,1024,16,1,MPI,4,3298.9408,371.0019,745.4651,484.8261,107.7178,444.1072
15,FFT,float32,1024,1024,1024,16,1,MPI,4,9115.3235,399.4781,780.3371,515.7639,110.8426,491.3545
15,IFFT,float32,1024,1024,1024,16,1,MPI,4,545.3836,393.1275,728.5217,481.7464,94.7071,393.1275
12,FFT,float32,1024,1024,1024,16,1,MPI,4,9165.8048,387.5805,847.6603,530.6418,133.7957,457.1140
12,IFFT,float32,1024,1024,1024,16,1,MPI,4,811.3403,408.2004,554.9143,463.3418,49.1010,408.2004
7,FFT,float32,1024,1024,1024,16,1,MPI,4,8658.8611,462.2374,713.5084,535.3658,80.5884,482.8261
7,IFFT,float32,1024,1024,1024,16,1,MPI,4,1232.4470,375.3082,542.2567,463.4615,56.0000,375.3082
6,FFT,float32,1024,1024,1024,16,1,MPI,4,8199.8044,427.4574,762.4166,521.2033,93.2852,427.4574
6,IFFT,float32,1024,1024,1024,16,1,MPI,4,1641.3521,403.9438,545.2796,469.2123,47.6242,492.8945
13,FFT,float32,1024,1024,1024,16,1,MPI,4,9075.3120,381.2612,729.5904,542.3288,108.1064,512.5901
13,IFFT,float32,1024,1024,1024,16,1,MPI,4,625.7274,334.2768,565.2869,451.7573,68.5736,413.0345
5,FFT,float32,1024,1024,1024,16,1,MPI,4,8032.1071,379.5313,761.2417,496.6375,98.2302,456.6174
5,IFFT,float32,1024,1024,1024,16,1,MPI,4,1801.2662,382.4574,571.6323,500.3858,66.9284,571.6323
14,FFT,float32,1024,1024,1024,16,1,MPI,4,9088.5763,408.1263,743.6421,547.4306,99.0296,478.8623
14,IFFT,float32,1024,1024,1024,16,1,MPI,4,464.0729,341.3365,569.4295,448.7961,74.2025,377.1846
4,FFT,float32,1024,1024,1024,16,1,MPI,4,6536.6163,371.4089,767.8694,501.9823,114.7432,374.8739
4,IFFT,float32,1024,1024,1024,16,1,MPI,4,3371.4459,358.9094,613.1706,492.9985,79.8333,613.1706
3,FFT,float32,2048,2048,2048,4,4,NCCL,4,2133.5688,1084.3977,1163.2785,1096.8246,22.4112,1088.6806
3,IFFT,float32,2048,2048,2048,4,4,NCCL,4,1192.6571,1096.7046,1108.9873,1102.4006,4.4149,1099.1128
1,FFT,float32,2048,2048,2048,4,4,NCCL,4,2132.7505,1087.8174,1162.8269,1101.9005,20.9997,1087.8174
1,IFFT,float32,2048,2048,2048,4,4,NCCL,4,1189.3350,1091.8619,1103.5887,1097.1292,3.6870,1097.3828
0,FFT,float32,2048,2048,2048,4,4,NCCL,4,2150.2030,1084.4202,1162.2871,1096.5542,22.4076,1087.1067
0,IFFT,float32,2048,2048,2048,4,4,NCCL,4,1193.9878,1098.0211,1114.0585,1103.1522,4.6556,1104.4451
2,FFT,float32,2048,2048,2048,4,4,NCCL,4,2186.6798,1085.9083,1163.1980,1097.2499,22.3786,1086.5318
2,IFFT,float32,2048,2048,2048,4,4,NCCL,4,1192.1230,1098.1194,1107.8185,1102.8446,3.3064,1107.8185
15,FFT,float32,2048,2048,2048,4,4,NCCL,4,2124.2129,1084.5445,1167.2776,1100.2090,22.6909,1091.5050
15,IFFT,float32,2048,2048,2048,4,4,NCCL,4,1184.8655,1095.8086,1103.4786,1099.1757,2.5113,1098.3558
14,FFT,float32,2048,2048,2048,4,4,NCCL,4,2124.4674,1086.8854,1166.9757,1099.7515,22.5990,1090.5273
14,IFFT,float32,2048,2048,2048,4,4,NCCL,4,1192.2069,1095.7887,1105.4373,1100.3046,2.4763,1105.4373
4,FFT,float32,2048,2048,2048,4,4,NCCL,4,2152.8545,1083.4177,1166.4491,1097.5887,23.2733,1093.3364
4,IFFT,float32,2048,2048,2048,4,4,NCCL,4,1197.1092,1095.4349,1110.5691,1102.1196,4.2406,1101.8450
5,FFT,float32,2048,2048,2048,4,4,NCCL,4,2152.6658,1086.4132,1166.2781,1099.9406,22.5828,1092.3196
5,IFFT,float32,2048,2048,2048,4,4,NCCL,4,1176.4564,1086.0747,1107.4247,1099.6254,5.8417,1100.4002
6,FFT,float32,2048,2048,2048,4,4,NCCL,4,2153.8187,1085.4997,1166.2688,1097.9384,23.0217,1089.9430
6,IFFT,float32,2048,2048,2048,4,4,NCCL,4,1191.5787,1095.1954,1107.8420,1101.6161,3.4026,1100.7667
7,FFT,float32,2048,2048,2048,4,4,NCCL,4,2156.5325,1085.3822,1166.8305,1099.0531,22.7576,1093.4301
7,IFFT,float32,2048,2048,2048,4,4,NCCL,4,1189.1136,1095.4341,1103.8649,1100.0537,2.9496,1095.4341
13,FFT,float32,2048,2048,2048,4,4,NCCL,4,2222.0740,1086.7872,1167.6680,1099.4343,22.9305,1088.8786
13,IFFT,float32,2048,2048,2048,4,4,NCCL,4,1181.2950,1090.5460,1109.2222,1101.0328,5.3127,1108.9705
9,FFT,float32,2048,2048,2048,4,4,NCCL,4,2179.5344,1086.8010,1162.0907,1099.5878,21.0515,1090.9214
9,IFFT,float32,2048,2048,2048,4,4,NCCL,4,1179.7097,1090.0947,1105.6425,1099.7574,5.5288,1102.1600
11,FFT,float32,2048,2048,2048,4,4,NCCL,4,2086.3034,1084.3733,1161.6283,1099.0070,21.2928,1088.7942
11,IFFT,float32,2048,2048,2048,4,4,NCCL,4,1183.6653,1095.7804,1104.7467,1099.6809,3.2972,1095.9015
8,FFT,float32,2048,2048,2048,4,4,NCCL,4,2087.0408,1079.2731,1161.3445,1096.2529,22.5891,1092.6572
8,IFFT,float32,2048,2048,2048,4,4,NCCL,4,1194.0802,1095.3331,1114.1016,1103.0546,5.4137,1102.3586
10,FFT,float32,2048,2048,2048,4,4,NCCL,4,2086.0441,1088.1479,1161.4623,1099.9735,20.7071,1092.0480
10,IFFT,float32,2048,2048,2048,4,4,NCCL,4,1191.3078,1095.9492,1104.1133,1098.9590,2.3108,1098.9817
12,FFT,float32,2048,2048,2048,4,4,NCCL,4,2103.2232,1079.4758,1166.9816,1095.0393,24.4399,1090.5146
12,IFFT,float32,2048,2048,2048,4,4,NCCL,4,1192.5012,1098.5885,1114.2568,1104.9188,4.7972,1104.4010
2,FFT,float32,2048,2048,2048,4,4,MPI,4,6633.0604,4520.4872,8015.0426,6248.9893,1127.2317,4721.3358
2,IFFT,float32,2048,2048,2048,4,4,MPI,4,4012.9153,2268.4076,4017.4804,2982.1626,606.9117,2843.6423
1,FFT,float32,2048,2048,2048,4,4,MPI,4,6611.5997,3189.7374,6667.5873,4422.3198,1017.8650,3977.0683
1,IFFT,float32,2048,2048,2048,4,4,MPI,4,5290.0735,2775.7127,6304.9333,4821.7446,1280.1586,2973.5040
6,FFT,float32,2048,2048,2048,4,4,MPI,4,9118.2108,4324.4780,6651.9807,5577.7744,710.7082,4934.6065
6,IFFT,float32,2048,2048,2048,4,4,MPI,4,2372.8688,2809.2964,4361.9405,3767.6687,509.3307,3412.2789
0,FFT,float32,2048,2048,2048,4,4,MPI,4,6625.2596,4179.1969,6137.9675,5112.3916,611.1706,4179.1969
0,IFFT,float32,2048,2048,2048,4,4,MPI,4,4058.2378,3305.5517,5055.4391,4256.5273,524.0702,4221.5469
3,FFT,float32,2048,2048,2048,4,4,MPI,4,6648.4646,3275.1804,5653.8061,4470.1514,790.8021,5282.4154
3,IFFT,float32,2048,2048,2048,4,4,MPI,4,5266.6642,3456.1790,6023.5923,4904.5391,861.4987,4278.9562
14,FFT,float32,2048,2048,2048,4,4,MPI,4,7695.3435,3696.9698,7750.4250,6014.4990,1019.9824,5723.7652
14,IFFT,float32,2048,2048,2048,4,4,MPI,4,3686.7462,2531.8707,3791.9802,3368.0547,408.8030,3791.9802
10,FFT,float32,2048,2048,2048,4,4,MPI,4,8289.9575,4513.9588,8497.8566,5901.5464,1023.8020,4942.5151
10,IFFT,float32,2048,2048,2048,4,4,MPI,4,3092.8481,2013.7429,4366.8719,3481.2700,564.2795,3774.4794
12,FFT,float32,2048,2048,2048,4,4,MPI,4,7708.7698,3696.6059,6459.8936,5227.5938,696.2625,6459.8936
12,IFFT,float32,2048,2048,2048,4,4,MPI,4,3862.1921,2882.5222,4790.7774,4213.9751,542.9355,4382.3534
15,FFT,float32,2048,2048,2048,4,4,MPI,4,7705.9911,3404.8470,5224.5770,4435.1509,565.1005,5045.7096
15,IFFT,float32,2048,2048,2048,4,4,MPI,4,4931.5164,4296.5235,5837.2045,5024.7495,506.8519,4564.9382
4,FFT,float32,2048,2048,2048,4,4,MPI,4,9134.5077,4324.8153,7000.9074,5516.6948,965.1260,4743.5115
4,IFFT,float32,2048,2048,2048,4,4,MPI,4,2429.3247,2317.4801,5543.9562,3987.2493,1019.0697,4997.9317
8,FFT,float32,2048,2048,2048,4,4,MPI,4,8285.7576,4492.0195,6355.2682,5123.1587,559.2514,4788.8335
8,IFFT,float32,2048,2048,2048,4,4,MPI,4,2758.6826,3862.4574,5049.9033,4380.6562,372.4109,4984.2983
13,FFT,float32,2048,2048,2048,4,4,MPI,4,7701.0321,3249.7479,4883.9450,4013.9578,528.5114,4152.4670
13,IFFT,float32,2048,2048,2048,4,4,MPI,4,5028.6608,4760.7331,6322.5354,5510.4663,558.7277,5210.9291
5,FFT,float32,2048,2048,2048,4,4,MPI,4,9134.9904,3067.5361,5609.4248,4362.1909,913.6175,4154.3235
5,IFFT,float32,2048,2048,2048,4,4,MPI,4,3651.4873,4703.1191,6087.6275,5163.4438,390.1761,5213.2139
9,FFT,float32,2048,2048,2048,4,4,MPI,4,8408.5416,3209.1348,4958.8568,4044.5046,555.1489,4958.8568
9,IFFT,float32,2048,2048,2048,4,4,MPI,4,3783.4817,4349.3252,6514.3885,5480.5068,648.7146,5195.9388
7,FFT,float32,2048,2048,2048,4,4,MPI,4,9132.3981,3265.0697,5809.1974,4682.1187,742.5018,4732.2611
7,IFFT,float32,2048,2048,2048,4,4,MPI,4,3639.2797,3761.1018,6025.3713,4856.7212,653.3129,5345.1273
11,FFT,float32,2048,2048,2048,4,4,MPI,4,8325.9728,3290.1331,5188.7320,4176.0552,603.1443,4753.1081
11,IFFT,float32,2048,2048,2048,4,4,MPI,4,3702.6849,4555.1145,6025.0185,5362.5562,393.7343,5332.5381
7,FFT,float32,2048,2048,2048,1,16,NCCL,4,2111.1041,1052.4677,1130.8564,1063.6467,22.5441,1052.4677
7,IFFT,float32,2048,2048,2048,1,16,NCCL,4,1155.0819,1065.9472,1078.6434,1071.8534,3.9168,1069.1696
5,FFT,float32,2048,2048,2048,1,16,NCCL,4,2139.4631,1049.6681,1129.8579,1064.0458,22.3583,1060.7512
5,IFFT,float32,2048,2048,2048,1,16,NCCL,4,1168.1496,1068.6024,1078.9931,1072.2838,3.3805,1078.9931
4,FFT,float32,2048,2048,2048,1,16,NCCL,4,2080.8767,1051.4749,1132.2148,1064.1791,22.9983,1052.7704
4,IFFT,float32,2048,2048,2048,1,16,NCCL,4,1161.5050,1067.6429,1076.6161,1072.0220,2.7344,1076.0281
12,FFT,float32,2048,2048,2048,1,16,NCCL,4,2172.8709,1046.9533,1141.5292,1065.0760,26.0331,1056.4524
12,IFFT,float32,2048,2048,2048,1,16,NCCL,4,1160.6397,1066.6685,1077.6245,1071.5801,3.5740,1072.8772
15,FFT,float32,2048,2048,2048,1,16,NCCL,4,2149.8648,1048.8990,1140.2250,1063.9747,25.8219,1058.4523
15,IFFT,float32,2048,2048,2048,1,16,NCCL,4,1167.0335,1068.2288,1077.6485,1072.1981,2.9162,1068.2288
6,FFT,float32,2048,2048,2048,1,16,NCCL,4,2063.3451,1051.4138,1136.1951,1063.3997,24.3595,1051.4138
6,IFFT,float32,2048,2048,2048,1,16,NCCL,4,1153.0081,1062.8957,1081.1017,1072.9873,4.7594,1073.6640
1,FFT,float32,2048,2048,2048,1,16,NCCL,4,2195.3307,1050.6736,1130.3601,1063.7299,22.5717,1059.0887
1,IFFT,float32,2048,2048,2048,1,16,NCCL,4,1153.6398,1067.6098,1078.0816,1072.0590,3.6539,1068.7121
14,FFT,float32,2048,2048,2048,1,16,NCCL,4,2128.6000,1049.3568,1140.6544,1064.8589,25.5323,1061.9148
14,IFFT,float32,2048,2048,2048,1,16,NCCL,4,1160.8932,1066.7928,1079.9150,1071.2480,3.8070,1067.7645
13,FFT,float32,2048,2048,2048,1,16,NCCL,4,2119.0309,1051.3441,1141.6105,1066.4109,25.5389,1061.7939
13,IFFT,float32,2048,2048,2048,1,16,NCCL,4,1160.1185,1065.7419,1075.4007,1069.7582,3.3578,1067.5504
8,FFT,float32,2048,2048,2048,1,16,NCCL,4,2146.0881,1049.0160,1130.5385,1062.3632,23.0821,1052.9637
8,IFFT,float32,2048,2048,2048,1,16,NCCL,4,1157.0769,1069.7208,1078.8668,1073.4803,3.0669,1069.7208
10,FFT,float32,2048,2048,2048,1,16,NCCL,4,2150.1279,1052.2434,1134.7153,1065.0905,23.4200,1058.2024
10,IFFT,float32,2048,2048,2048,1,16,NCCL,4,1156.3620,1067.6906,1074.7098,1071.1622,2.7602,1074.2127
11,FFT,float32,2048,2048,2048,1,16,NCCL,4,2203.3757,1052.5332,1134.4386,1064.7280,23.4208,1052.5332
11,IFFT,float32,2048,2048,2048,1,16,NCCL,4,1156.1652,1062.9381,1079.7441,1072.0182,5.0212,1079.0242
9,FFT,float32,2048,2048,2048,1,16,NCCL,4,2218.0062,1054.7340,1134.3104,1066.0999,23.0275,1057.9775
9,IFFT,float32,2048,2048,2048,1,16,NCCL,4,1154.3986,1063.7408,1075.3966,1070.2606,3.3208,1075.3966
3,FFT,float32,2048,2048,2048,1,16,NCCL,4,2217.8318,1051.3266,1129.3109,1064.5548,21.7807,1059.4993
3,IFFT,float32,2048,2048,2048,1,16,NCCL,4,1153.2461,1061.5608,1076.0494,1071.6935,3.9278,1073.1397
2,FFT,float32,2048,2048,2048,1,16,NCCL,4,2163.2251,1053.2169,1130.2461,1063.3788,22.4398,1054.6110
2,IFFT,float32,2048,2048,2048,1,16,NCCL,4,1157.9508,1062.6734,1079.4185,1073.1716,5.0423,1074.7666
0,FFT,float32,2048,2048,2048,1,16,NCCL,4,2171.1814,1049.0745,1130.8013,1062.1932,23.2785,1054.7812
0,IFFT,float32,2048,2048,2048,1,16,NCCL,4,1155.0856,1065.6762,1082.8251,1073.6752,5.0380,1067.7283
0,FFT,float32,2048,2048,2048,1,16,MPI,4,10221.5890,3342.5161,5157.8776,4474.0054,486.2753,4531.8999
0,IFFT,float32,2048,2048,2048,1,16,MPI,4,5371.3860,2734.8796,7452.8877,4518.2661,1506.0721,2931.0777
13,FFT,float32,2048,2048,2048,1,16,MPI,4,9466.6136,3524.0322,5221.9458,4369.3906,551.5240,4081.7623
13,IFFT,float32,2048,2048,2048,1,16,MPI,4,4435.3642,3527.2482,6155.2202,4696.6968,876.1146,3808.7063
14,FFT,float32,2048,2048,2048,1,16,MPI,4,9748.1690,2655.6560,5294.0975,4286.2144,907.6282,3639.4315
14,IFFT,float32,2048,2048,2048,1,16,MPI,4,4277.5470,3461.0004,8031.5915,4788.6948,1277.6654,3714.4498
7,FFT,float32,2048,2048,2048,1,16,MPI,4,10147.8553,3715.2516,6555.9677,4860.6733,780.4355,4066.2100
7,IFFT,float32,2048,2048,2048,1,16,MPI,4,5489.5330,3212.2739,6259.0885,4221.6606,855.3027,3212.2739
8,FFT,float32,2048,2048,2048,1,16,MPI,4,10206.8561,3089.2954,6328.3692,4732.6938,1022.7073,3414.7324
8,IFFT,float32,2048,2048,2048,1,16,MPI,4,4132.3913,3423.8436,5997.1118,4358.0312,774.0409,3856.4565
6,FFT,float32,2048,2048,2048,1,16,MPI,4,10271.9746,3450.5533,6389.3984,4843.7261,923.1498,3450.5533
6,IFFT,float32,2048,2048,2048,1,16,MPI,4,5187.2678,3397.0106,5028.6568,4278.5093,452.8618,3927.6948
5,FFT,float32,2048,2048,2048,1,16,MPI,4,10335.8206,3181.6637,5894.1835,4511.4507,852.5948,4044.1824
5,IFFT,float32,2048,2048,2048,1,16,MPI,4,5363.9536,3251.9040,7125.1432,4653.1748,1112.3054,3251.9040
4,FFT,float32,2048,2048,2048,1,16,MPI,4,10235.1508,3122.9184,6090.8265,4586.1733,887.2150,4406.1478
4,IFFT,float32,2048,2048,2048,1,16,MPI,4,5311.1049,3466.6615,6760.8138,4644.5127,822.0101,3466.6615
1,FFT,float32,2048,2048,2048,1,16,MPI,4,10248.3910,3954.6083,6447.9900,4847.0640,798.8195,4759.5454
1,IFFT,float32,2048,2048,2048,1,16,MPI,4,5322.4329,2982.7998,7351.2299,4381.0024,1337.1974,3417.4626
12,FFT,float32,2048,2048,2048,1,16,MPI,4,10321.2202,3765.9265,5859.6785,4624.5771,638.9437,4425.5495
12,IFFT,float32,2048,2048,2048,1,16,MPI,4,5184.1872,3552.2995,6432.2527,4617.0054,714.6262,3552.2995
15,FFT,float32,2048,2048,2048,1,16,MPI,4,10278.2745,3766.9920,5255.6861,4577.1401,570.5939,4432.3149
15,IFFT,float32,2048,2048,2048,1,16,MPI,4,5096.3318,3819.3337,5876.6248,4652.4014,663.1777,4248.1960
9,FFT,float32,2048,2048,2048,1,16,MPI,4,10163.7046,4018.5788,5476.6118,4758.6187,436.9667,4290.4751
9,IFFT,float32,2048,2048,2048,1,16,MPI,4,3623.9174,3293.6051,5672.6085,4442.7515,618.2333,3293.6051
10,FFT,float32,2048,2048,2048,1,16,MPI,4,10309.6663,3443.9226,6440.8369,4539.8540,778.6490,3443.9226
10,IFFT,float32,2048,2048,2048,1,16,MPI,4,5285.6344,3583.1588,5612.6719,4691.1675,614.0565,4525.0121
11,FFT,float32,2048,2048,2048,1,16,MPI,4,10117.0315,3366.0347,6563.3877,4727.6162,804.9714,3366.0347
11,IFFT,float32,2048,2048,2048,1,16,MPI,4,3587.7158,3605.8394,5615.2055,4497.1519,495.0645,4571.6582
3,FFT,float32,2048,2048,2048,1,16,MPI,4,10344.1159,3265.1417,6100.0651,4538.1846,973.1966,6100.0651
3,IFFT,float32,2048,2048,2048,1,16,MPI,4,5376.2155,3264.0283,5521.6734,4703.3164,709.1548,4173.5792
2,FFT,float32,2048,2048,2048,1,16,MPI,4,9911.6160,3167.6020,5879.0522,4810.6611,853.1590,5318.8812
2,IFFT,float32,2048,2048,2048,1,16,MPI,4,2633.2913,3080.9151,6407.7358,4430.1831,1017.7611,5107.7068
5,FFT,float32,2048,2048,2048,16,1,NCCL,4,2114.4066,1052.4098,1133.4329,1065.3199,22.9670,1060.7820
5,IFFT,float32,2048,2048,2048,16,1,NCCL,4,1172.8300,1074.1139,1086.4455,1079.8514,3.6824,1078.9296
4,FFT,float32,2048,2048,2048,16,1,NCCL,4,2115.1642,1054.1260,1128.9522,1064.3151,21.6455,1055.4702
4,IFFT,float32,2048,2048,2048,16,1,NCCL,4,1171.1980,1075.3734,1088.8977,1080.5300,3.6714,1080.0228
9,FFT,float32,2048,2048,2048,16,1,NCCL,4,2161.3169,1052.5620,1119.5154,1063.2689,18.8393,1052.5620
9,IFFT,float32,2048,2048,2048,16,1,NCCL,4,1172.8281,1075.9854,1089.5207,1080.7671,3.6474,1077.0867
8,FFT,float32,2048,2048,2048,16,1,NCCL,4,2060.8001,1050.3667,1122.7825,1062.9791,20.1524,1054.3652
8,IFFT,float32,2048,2048,2048,16,1,NCCL,4,1172.8169,1077.8908,1094.0932,1081.2997,4.4710,1078.3531
0,FFT,float32,2048,2048,2048,16,1,NCCL,4,2045.5022,1049.6779,1122.8386,1063.3226,20.3531,1049.6779
0,IFFT,float32,2048,2048,2048,16,1,NCCL,4,1173.6520,1075.3630,1091.3790,1081.2119,5.4297,1075.6666
3,FFT,float32,2048,2048,2048,16,1,NCCL,4,2066.2590,1047.8944,1121.2984,1062.9270,20.2396,1051.0548
3,IFFT,float32,2048,2048,2048,16,1,NCCL,4,1172.5451,1074.8727,1097.1606,1081.5994,6.6811,1078.8435
7,FFT,float32,2048,2048,2048,16,1,NCCL,4,2142.9010,1053.4689,1133.1535,1064.3782,23.0252,1056.7869
7,IFFT,float32,2048,2048,2048,16,1,NCCL,4,1173.2421,1074.1210,1088.6253,1080.8506,4.2325,1078.6499
13,FFT,float32,2048,2048,2048,16,1,NCCL,4,2142.9309,1052.3084,1136.8515,1065.5886,23.8687,1057.4280
13,IFFT,float32,2048,2048,2048,16,1,NCCL,4,1171.8281,1073.8541,1087.7459,1079.9387,3.7094,1079.1253
10,FFT,float32,2048,2048,2048,16,1,NCCL,4,2047.7324,1050.1039,1126.9328,1062.5062,21.6266,1055.4668
10,IFFT,float32,2048,2048,2048,16,1,NCCL,4,1177.3190,1076.6388,1089.0956,1082.0221,4.1181,1078.8866
11,FFT,float32,2048,2048,2048,16,1,NCCL,4,2049.0675,1053.5780,1123.0501,1063.3705,19.9696,1053.5780
11,IFFT,float32,2048,2048,2048,16,1,NCCL,4,1172.7496,1077.2382,1089.5507,1080.7495,3.3508,1077.2382
1,FFT,float32,2048,2048,2048,16,1,NCCL,4,2170.1228,1048.5267,1119.7349,1060.9015,20.0078,1048.5267
1,IFFT,float32,2048,2048,2048,16,1,NCCL,4,1172.8783,1075.5263,1093.8855,1083.6014,6.3185,1080.9987
6,FFT,float32,2048,2048,2048,16,1,NCCL,4,2153.9664,1053.4652,1134.0413,1065.1609,23.0791,1053.4652
6,IFFT,float32,2048,2048,2048,16,1,NCCL,4,1172.8130,1076.0974,1089.5242,1080.2229,3.5323,1079.4149
14,FFT,float32,2048,2048,2048,16,1,NCCL,4,2140.9709,1052.3189,1137.0299,1065.9739,23.8473,1057.5102
14,IFFT,float32,2048,2048,2048,16,1,NCCL,4,1171.9986,1074.6600,1086.0376,1079.5817,3.7872,1079.0445
12,FFT,float32,2048,2048,2048,16,1,NCCL,4,2142.6277,1053.3616,1136.5190,1064.9298,23.9935,1057.1312
12,IFFT,float32,2048,2048,2048,16,1,NCCL,4,1171.8775,1077.1660,1087.5713,1080.5662,3.0322,1079.1777
2,FFT,float32,2048,2048,2048,16,1,NCCL,4,2066.3947,1052.1719,1124.5856,1064.2988,20.4992,1053.2305
2,IFFT,float32,2048,2048,2048,16,1,NCCL,4,1174.2311,1075.0330,1090.4795,1080.3004,5.2702,1076.8244
15,FFT,float32,2048,2048,2048,16,1,NCCL,4,2140.8146,1050.0233,1136.7083,1065.4823,24.0675,1057.8210
15,IFFT,float32,2048,2048,2048,16,1,NCCL,4,1172.6394,1073.1591,1086.4677,1080.0507,4.7937,1079.2440
0,FFT,float32,2048,2048,2048,16,1,MPI,4,9759.7758,3330.9872,5756.0255,4559.1362,815.3354,5756.0255
0,IFFT,float32,2048,2048,2048,16,1,MPI,4,3393.7955,2889.8984,6657.7665,4118.5161,1224.0474,2938.0457
1,FFT,float32,2048,2048,2048,16,1,MPI,4,9908.4468,2765.9421,6527.8645,4773.2798,1104.2087,3879.1896
1,IFFT,float32,2048,2048,2048,16,1,MPI,4,3343.4389,2967.3392,4826.3865,3912.6458,593.3677,4475.6667
4,FFT,float32,2048,2048,2048,16,1,MPI,4,10223.0600,4010.8872,5317.2025,4631.2808,458.6955,4181.4991
4,IFFT,float32,2048,2048,2048,16,1,MPI,4,4364.8407,2506.0162,4998.3292,4135.4448,710.4728,4619.3591
5,FFT,float32,2048,2048,2048,16,1,MPI,4,10347.3460,3677.1465,6817.8289,4548.4512,842.4942,4389.5907
5,IFFT,float32,2048,2048,2048,16,1,MPI,4,4558.0438,3144.3989,5460.6740,4251.6763,753.2955,4492.3329
2,FFT,float32,2048,2048,2048,16,1,MPI,4,10134.2170,3095.3942,6744.4926,4523.7383,1023.3549,5853.7854
2,IFFT,float32,2048,2048,2048,16,1,MPI,4,3856.0946,2755.8344,7042.0983,4279.1079,1042.8812,3700.3617
3,FFT,float32,2048,2048,2048,16,1,MPI,4,10454.6321,3016.4937,6820.5937,4603.7437,997.9233,5415.6141
3,IFFT,float32,2048,2048,2048,16,1,MPI,4,5129.2519,3141.9719,5168.3523,4219.3057,580.6617,4121.4714
8,FFT,float32,2048,2048,2048,16,1,MPI,4,10414.6595,3523.8693,5112.9208,4171.4673,501.6629,4635.5087
8,IFFT,float32,2048,2048,2048,16,1,MPI,4,5091.8799,3906.5503,5565.3587,4661.0093,481.8791,4531.7918
10,FFT,float32,2048,2048,2048,16,1,MPI,4,9913.7577,3398.4001,6321.8370,4354.5376,884.7831,4277.1454
10,IFFT,float32,2048,2048,2048,16,1,MPI,4,4243.1579,3412.8516,5784.6696,4519.8794,616.0414,4807.6296
12,FFT,float32,2048,2048,2048,16,1,MPI,4,9882.7313,3166.9768,6098.5426,4322.4136,885.6334,3274.2662
12,IFFT,float32,2048,2048,2048,16,1,MPI,4,4776.7048,3721.0907,5428.5807,4564.4868,537.8650,5428.5807
11,FFT,float32,2048,2048,2048,16,1,MPI,4,9585.7151,3276.6660,6055.5641,4296.1846,798.0518,4303.3128
11,IFFT,float32,2048,2048,2048,16,1,MPI,4,4679.8628,3240.8855,5470.2851,4595.8491,609.9897,4712.9663
13,FFT,float32,2048,2048,2048,16,1,MPI,4,10101.4026,2965.0623,5382.3011,4197.7261,641.2217,3568.6233
13,IFFT,float32,2048,2048,2048,16,1,MPI,4,4803.7078,4027.9156,5480.8181,4707.8472,418.9073,4754.5182
6,FFT,float32,2048,2048,2048,16,1,MPI,4,10445.6293,3286.8044,6715.2885,4700.4912,914.4502,4025.5435
6,IFFT,float32,2048,2048,2048,16,1,MPI,4,4934.9304,3425.7531,5445.7382,4206.2651,638.2198,3970.5176
15,FFT,float32,2048,2048,2048,16,1,MPI,4,9601.1727,3293.9165,5765.7154,4417.5620,800.2101,3591.4899
15,IFFT,float32,2048,2048,2048,16,1,MPI,4,5494.4570,3147.5521,5491.9324,4496.9150,663.5284,4828.3454
9,FFT,float32,2048,2048,2048,16,1,MPI,4,10354.2431,3506.4327,5402.4299,4145.6338,586.2695,3890.6543
9,IFFT,float32,2048,2048,2048,16,1,MPI,4,5095.8376,4205.2764,5601.6132,4772.6069,474.0039,4206.1740
14,FFT,float32,2048,2048,2048,16,1,MPI,4,10241.0072,3461.8552,6145.6069,4398.4902,722.2894,4048.3373
14,IFFT,float32,2048,2048,2048,16,1,MPI,4,5328.4755,3561.9161,5107.3298,4529.3853,480.1422,4172.1340
7,FFT,float32,2048,2048,2048,16,1,MPI,4,10188.0688,3495.0675,6730.7655,4284.4507,968.9464,3869.9520
7,IFFT,float32,2048,2048,2048,16,1,MPI,4,4259.5569,3781.5803,5389.2281,4641.8374,476.4118,4322.3056
6,FFT,float64,1024,1024,1024,4,4,NCCL,4,1461.3631,269.9489,351.7860,279.8223,24.0182,271.5446
6,IFFT,float64,1024,1024,1024,4,4,NCCL,4,371.9746,277.8502,280.4006,279.3390,0.7790,280.4006
5,FFT,float64,1024,1024,1024,4,4,NCCL,4,1477.1110,266.7155,351.9248,278.7046,24.4596,266.7155
5,IFFT,float64,1024,1024,1024,4,4,NCCL,4,368.3278,278.0476,284.7276,280.6243,1.9125,281.8504
4,FFT,float64,1024,1024,1024,4,4,NCCL,4,1460.3273,270.0524,351.4710,279.6388,23.9713,271.5765
4,IFFT,float64,1024,1024,1024,4,4,NCCL,4,375.1323,277.6996,281.8030,279.5810,1.3268,281.2852
0,FFT,float64,1024,1024,1024,4,4,NCCL,4,1445.2257,270.7745,357.3559,280.4385,25.6451,271.7545
0,IFFT,float64,1024,1024,1024,4,4,NCCL,4,373.6033,277.9098,280.8440,279.2914,0.9254,280.4192
2,FFT,float64,1024,1024,1024,4,4,NCCL,4,1477.4414,270.1060,357.8178,280.4424,25.8263,271.5054
2,IFFT,float64,1024,1024,1024,4,4,NCCL,4,371.6523,277.8761,282.2669,279.4414,1.2795,281.4031
3,FFT,float64,1024,1024,1024,4,4,NCCL,4,1462.5759,270.3697,357.5368,280.5241,25.6916,271.7764
3,IFFT,float64,1024,1024,1024,4,4,NCCL,4,372.2568,277.9347,282.0506,279.0864,1.0648,279.0270
1,FFT,float64,1024,1024,1024,4,4,NCCL,4,1459.4030,270.6127,357.9188,280.3960,25.8535,271.4686
1,IFFT,float64,1024,1024,1024,4,4,NCCL,4,370.4887,278.0159,280.1600,279.2217,0.6207,278.5182
13,FFT,float64,1024,1024,1024,4,4,NCCL,4,1233.4720,269.1415,349.2777,278.8711,23.4938,271.9976
13,IFFT,float64,1024,1024,1024,4,4,NCCL,4,371.5376,279.0996,283.0583,280.8724,1.5474,283.0583
10,FFT,float64,1024,1024,1024,4,4,NCCL,4,1632.8562,270.4344,344.9657,279.7507,21.7735,274.2564
10,IFFT,float64,1024,1024,1024,4,4,NCCL,4,372.3144,278.4773,279.8282,279.0982,0.4345,278.6956
9,FFT,float64,1024,1024,1024,4,4,NCCL,4,1642.6922,268.9830,344.6268,278.0793,22.2129,268.9830
9,IFFT,float64,1024,1024,1024,4,4,NCCL,4,365.8249,278.2075,284.5738,281.1664,1.8826,282.8515
11,FFT,float64,1024,1024,1024,4,4,NCCL,4,1611.6593,269.4057,344.8584,279.4963,21.8408,274.5265
11,IFFT,float64,1024,1024,1024,4,4,NCCL,4,372.2329,278.4441,282.0033,279.4779,0.9615,279.9851
15,FFT,float64,1024,1024,1024,4,4,NCCL,4,1233.9280,270.3689,348.9739,279.9599,23.0340,274.2254
15,IFFT,float64,1024,1024,1024,4,4,NCCL,4,372.9909,278.8658,280.0150,279.4379,0.4445,280.0150
8,FFT,float64,1024,1024,1024,4,4,NCCL,4,1610.6230,269.0328,345.3029,278.9832,22.1691,272.3430
8,IFFT,float64,1024,1024,1024,4,4,NCCL,4,376.6709,277.9243,282.9674,280.2481,1.9457,282.0860
14,FFT,float64,1024,1024,1024,4,4,NCCL,4,1233.7585,270.0834,348.6931,280.0838,22.8998,274.0260
14,IFFT,float64,1024,1024,1024,4,4,NCCL,4,372.8555,278.7179,279.7656,279.1544,0.3303,278.8804
12,FFT,float64,1024,1024,1024,4,4,NCCL,4,1233.4735,269.5024,349.2374,279.2699,23.3676,272.1080
12,IFFT,float64,1024,1024,1024,4,4,NCCL,4,377.6275,277.9702,283.5239,280.3983,1.9726,282.5388
7,FFT,float64,1024,1024,1024,4,4,NCCL,4,1477.7743,269.9705,352.1366,279.8421,24.1206,271.8460
7,IFFT,float64,1024,1024,1024,4,4,NCCL,4,372.4887,278.2366,280.5771,279.2533,0.6037,279.2930
4,FFT,float64,1024,1024,1024,4,4,MPI,4,3981.1902,938.9656,1477.2438,1196.9789,180.6345,998.0441
4,IFFT,float64,1024,1024,1024,4,4,MPI,4,1090.2009,674.6198,1404.9205,1212.6912,211.4731,674.6198
6,FFT,float64,1024,1024,1024,4,4,MPI,4,4021.6082,782.7684,1477.4722,1144.7374,186.7014,782.7684
6,IFFT,float64,1024,1024,1024,4,4,MPI,4,1111.7339,731.6540,1486.1876,1270.6504,199.3666,731.6540
7,FFT,float64,1024,1024,1024,4,4,MPI,4,3969.6099,1217.8317,1883.0174,1507.5269,211.9666,1367.2503
7,IFFT,float64,1024,1024,1024,4,4,MPI,4,915.6142,669.2704,1206.4608,914.2390,155.7814,795.5338
11,FFT,float64,1024,1024,1024,4,4,MPI,4,4081.5035,1025.5816,1688.3323,1403.7357,205.3734,1025.5816
11,IFFT,float64,1024,1024,1024,4,4,MPI,4,1205.1138,740.7931,1240.7552,1044.0133,153.3626,1041.6979
5,FFT,float64,1024,1024,1024,4,4,MPI,4,3977.6433,947.6398,1477.8763,1191.6203,154.7261,947.6398
5,IFFT,float64,1024,1024,1024,4,4,MPI,4,911.4804,1069.7693,1466.8401,1257.6168,132.6817,1069.7693
3,FFT,float64,1024,1024,1024,4,4,MPI,4,4185.0432,996.7178,1943.1136,1507.9461,293.4311,1088.3247
3,IFFT,float64,1024,1024,1024,4,4,MPI,4,1298.3184,722.6008,1330.1749,944.3127,156.1732,1026.3988
15,FFT,float64,1024,1024,1024,4,4,MPI,4,4094.3006,1038.8073,2034.8757,1459.0429,302.2830,1201.9095
15,IFFT,float64,1024,1024,1024,4,4,MPI,4,1373.7530,569.2165,1217.4204,994.2865,168.8297,1014.6497
0,FFT,float64,1024,1024,1024,4,4,MPI,4,4154.1419,943.3786,2141.9505,1465.0416,379.1083,1057.9322
0,IFFT,float64,1024,1024,1024,4,4,MPI,4,1337.0349,694.9815,1401.6535,1004.4878,224.8623,1199.2787
8,FFT,float64,1024,1024,1024,4,4,MPI,4,4080.9825,995.9512,1733.2260,1361.8553,244.0515,1386.4085
8,IFFT,float64,1024,1024,1024,4,4,MPI,4,1381.2193,616.7824,1692.9342,1107.6580,371.7319,1258.8614
12,FFT,float64,1024,1024,1024,4,4,MPI,4,4076.0542,939.9977,1480.6666,1155.7131,160.7977,1064.9536
12,IFFT,float64,1024,1024,1024,4,4,MPI,4,1422.5156,1056.5397,1838.4691,1316.2671,195.0060,1202.7661
9,FFT,float64,1024,1024,1024,4,4,MPI,4,4111.3835,1021.8548,1671.3398,1250.6829,197.3344,1110.2405
9,IFFT,float64,1024,1024,1024,4,4,MPI,4,1290.0345,956.0755,1526.7939,1222.9891,139.2964,1300.3165
2,FFT,float64,1024,1024,1024,4,4,MPI,4,4185.0945,630.7612,1466.0581,1119.0601,220.9971,630.7612
2,IFFT,float64,1024,1024,1024,4,4,MPI,4,1224.3982,1039.6158,1619.5120,1353.0869,166.5765,1225.5447
10,FFT,float64,1024,1024,1024,4,4,MPI,4,4085.2215,1079.8591,1445.8035,1265.6187,126.4165,1079.8591
10,IFFT,float64,1024,1024,1024,4,4,MPI,4,1281.7895,881.9999,1602.6442,1207.0354,212.3143,1290.6450
1,FFT,float64,1024,1024,1024,4,4,MPI,4,4154.3444,985.8073,1903.4734,1261.8602,257.9035,985.8073
1,IFFT,float64,1024,1024,1024,4,4,MPI,4,1238.2588,907.3986,1463.9079,1212.2588,179.4038,1245.4567
13,FFT,float64,1024,1024,1024,4,4,MPI,4,4076.1418,990.7043,1284.1141,1134.6589,105.4871,991.4143
13,IFFT,float64,1024,1024,1024,4,4,MPI,4,1141.3273,1130.0735,1706.1522,1341.9778,175.7044,1247.7271
14,FFT,float64,1024,1024,1024,4,4,MPI,4,4094.2948,632.1519,1304.5572,1109.1916,197.8907,632.1519
14,IFFT,float64,1024,1024,1024,4,4,MPI,4,1182.5851,1152.5867,1882.3316,1365.7778,200.4919,1233.1857
7,FFT,float64,1024,1024,1024,1,16,NCCL,4,1305.5097,262.4370,343.6941,272.3829,23.8019,264.7599
7,IFFT,float64,1024,1024,1024,1,16,NCCL,4,365.5011,270.6194,275.7674,273.1548,1.5933,271.9286
6,FFT,float64,1024,1024,1024,1,16,NCCL,4,1305.4132,261.5833,343.7867,272.3803,23.8753,265.1499
6,IFFT,float64,1024,1024,1024,1,16,NCCL,4,367.5614,270.1520,276.6467,273.1097,2.2399,271.0009
8,FFT,float64,1024,1024,1024,1,16,NCCL,4,1350.2662,262.2352,339.5482,272.2041,22.5067,263.9405
8,IFFT,float64,1024,1024,1024,1,16,NCCL,4,368.9110,270.5934,276.0565,272.8667,1.8477,270.9166
4,FFT,float64,1024,1024,1024,1,16,NCCL,4,1256.6878,263.1445,342.5699,271.9581,23.5440,263.3382
4,IFFT,float64,1024,1024,1024,1,16,NCCL,4,364.7777,270.9273,275.6306,273.5581,1.4040,273.7181
5,FFT,float64,1024,1024,1024,1,16,NCCL,4,1291.6608,262.0441,342.0707,271.6027,23.5071,262.0441
5,IFFT,float64,1024,1024,1024,1,16,NCCL,4,364.1994,271.4735,276.3528,273.8446,1.4604,274.4328
2,FFT,float64,1024,1024,1024,1,16,NCCL,4,1322.7861,262.3063,345.7297,272.7865,24.3492,266.2425
2,IFFT,float64,1024,1024,1024,1,16,NCCL,4,367.1492,270.8707,276.2774,273.0053,1.6619,271.2301
1,FFT,float64,1024,1024,1024,1,16,NCCL,4,1350.8690,261.4976,343.7247,272.9876,23.6659,267.8923
1,IFFT,float64,1024,1024,1024,1,16,NCCL,4,368.6250,270.1333,275.9356,272.6543,1.8713,270.1333
13,FFT,float64,1024,1024,1024,1,16,NCCL,4,1349.0033,261.3330,344.3020,272.2078,24.1008,263.1742
13,IFFT,float64,1024,1024,1024,1,16,NCCL,4,363.0096,271.0841,276.4366,273.5710,1.9184,272.5172
9,FFT,float64,1024,1024,1024,1,16,NCCL,4,1306.9412,261.7782,339.4055,272.3613,22.4142,265.2793
9,IFFT,float64,1024,1024,1024,1,16,NCCL,4,369.9247,270.4439,275.8074,272.6342,1.8817,270.4631
3,FFT,float64,1024,1024,1024,1,16,NCCL,4,1364.4512,261.8365,344.3254,272.8499,23.8917,267.7701
3,IFFT,float64,1024,1024,1024,1,16,NCCL,4,368.0942,269.9479,276.1647,272.8354,2.0393,270.1419
0,FFT,float64,1024,1024,1024,1,16,NCCL,4,1328.0208,262.4149,345.2807,272.9490,24.1622,267.4438
0,IFFT,float64,1024,1024,1024,1,16,NCCL,4,367.6340,270.9906,276.5288,272.8163,1.8100,270.9906
15,FFT,float64,1024,1024,1024,1,16,NCCL,4,1350.6786,262.0643,343.7600,272.2289,23.9012,262.4642
15,IFFT,float64,1024,1024,1024,1,16,NCCL,4,362.3222,270.9592,276.0012,273.4810,1.7800,273.0793
12,FFT,float64,1024,1024,1024,1,16,NCCL,4,1349.1711,261.8912,344.1759,272.3544,23.9946,263.5450
12,IFFT,float64,1024,1024,1024,1,16,NCCL,4,363.4603,271.4453,276.2831,273.3793,1.6389,272.2547
14,FFT,float64,1024,1024,1024,1,16,NCCL,4,1346.2885,262.4870,344.2986,272.2657,24.0548,262.6711
14,IFFT,float64,1024,1024,1024,1,16,NCCL,4,363.1381,271.1393,276.2553,273.4977,1.6977,272.7391
11,FFT,float64,1024,1024,1024,1,16,NCCL,4,1335.7120,261.5042,338.7864,271.9789,22.3455,265.9703
11,IFFT,float64,1024,1024,1024,1,16,NCCL,4,369.2701,270.3927,276.9931,273.0825,2.2158,271.4514
10,FFT,float64,1024,1024,1024,1,16,NCCL,4,1307.0161,262.2368,339.1415,271.8489,22.4724,264.6494
10,IFFT,float64,1024,1024,1024,1,16,NCCL,4,368.7799,270.4290,276.2745,273.2471,2.0272,271.6427
0,FFT,float64,1024,1024,1024,1,16,MPI,4,6563.8981,785.7779,1848.1272,1094.5155,271.1220,1157.5097
0,IFFT,float64,1024,1024,1024,1,16,MPI,4,2163.9835,751.4942,1454.5885,1080.2427,209.3732,1032.2062
2,FFT,float64,1024,1024,1024,1,16,MPI,4,5791.6917,684.0906,1824.6255,1063.7290,317.9561,956.3002
2,IFFT,float64,1024,1024,1024,1,16,MPI,4,2507.5391,733.9301,1401.8770,1115.1850,198.2201,1297.5493
4,FFT,float64,1024,1024,1024,1,16,MPI,4,7265.7552,853.9995,1853.9886,1122.3975,283.9925,1157.6773
4,IFFT,float64,1024,1024,1024,1,16,MPI,4,1520.9548,831.7618,1402.9801,1057.0705,183.0897,869.4339
5,FFT,float64,1024,1024,1024,1,16,MPI,4,7218.1699,679.8287,1767.7063,1034.0223,300.4489,890.0667
5,IFFT,float64,1024,1024,1024,1,16,MPI,4,1146.0873,909.9855,1472.3740,1146.6001,188.2914,955.0702
6,FFT,float64,1024,1024,1024,1,16,MPI,4,7291.7389,727.7623,1760.1889,1053.6938,289.3306,968.4357
6,IFFT,float64,1024,1024,1024,1,16,MPI,4,1501.6867,943.4069,1473.0882,1134.7564,156.7950,943.4069
9,FFT,float64,1024,1024,1024,1,16,MPI,4,7156.9642,758.0642,1426.4715,1081.0483,176.6522,758.0642
9,IFFT,float64,1024,1024,1024,1,16,MPI,4,1438.9167,830.4906,1499.4903,1115.7486,184.6246,1105.4382
1,FFT,float64,1024,1024,1024,1,16,MPI,4,6042.4238,762.5400,1544.4500,1080.0261,203.1914,878.8055
1,IFFT,float64,1024,1024,1024,1,16,MPI,4,2094.6095,730.1822,1618.2894,1116.6521,294.9851,1609.3790
8,FFT,float64,1024,1024,1024,1,16,MPI,4,7187.4858,895.8444,1601.3006,1120.7282,216.6244,960.6657
8,IFFT,float64,1024,1024,1024,1,16,MPI,4,1593.3785,844.9036,1333.1040,1078.1354,145.7859,844.9036
10,FFT,float64,1024,1024,1024,1,16,MPI,4,7180.6181,984.3353,1616.0614,1166.9872,203.9703,1082.4749
10,IFFT,float64,1024,1024,1024,1,16,MPI,4,1422.1008,833.1453,1277.8759,1033.9845,130.2106,833.1453
12,FFT,float64,1024,1024,1024,1,16,MPI,4,7311.9438,789.2864,1464.2433,1105.0005,188.0158,1182.6482
12,IFFT,float64,1024,1024,1024,1,16,MPI,4,1531.1922,835.3015,1536.8410,1098.5373,202.6448,883.8791
7,FFT,float64,1024,1024,1024,1,16,MPI,4,7392.6815,823.0880,1650.5049,1100.8426,217.0080,1081.8869
7,IFFT,float64,1024,1024,1024,1,16,MPI,4,1566.9337,807.5588,1387.9770,1104.6068,169.2013,988.3059
13,FFT,float64,1024,1024,1024,1,16,MPI,4,7244.3229,735.5387,1221.5173,1012.1440,179.4447,1221.5173
13,IFFT,float64,1024,1024,1024,1,16,MPI,4,1561.3722,825.7735,2260.6326,1199.0959,399.9569,920.5492
3,FFT,float64,1024,1024,1024,1,16,MPI,4,5827.2423,830.4602,1697.4464,1065.9793,226.9201,952.4101
3,IFFT,float64,1024,1024,1024,1,16,MPI,4,2520.2890,986.6779,1458.6172,1145.3355,127.0827,1165.0756
14,FFT,float64,1024,1024,1024,1,16,MPI,4,7205.8156,795.0571,1249.1026,1027.4814,156.6755,1249.1026
14,IFFT,float64,1024,1024,1024,1,16,MPI,4,1350.0851,901.6942,2319.0391,1189.5367,390.2526,901.6942
11,FFT,float64,1024,1024,1024,1,16,MPI,4,7225.6978,928.0857,1719.5429,1131.0213,215.4141,1113.5233
11,IFFT,float64,1024,1024,1024,1,16,MPI,4,1620.8476,957.4063,1534.0301,1091.5454,156.1701,957.4063
15,FFT,float64,1024,1024,1024,1,16,MPI,4,7187.1213,926.3520,1160.4803,1041.7126,79.3943,1092.1519
15,IFFT,float64,1024,1024,1024,1,16,MPI,4,1292.3069,952.6441,2252.7307,1182.1465,365.5425,952.6441
13,FFT,float64,1024,1024,1024,16,1,NCCL,4,1278.6178,260.9817,346.7672,271.2762,25.2138,260.9817
13,IFFT,float64,1024,1024,1024,16,1,NCCL,4,365.9644,271.2740,280.1501,273.7698,2.3443,273.0361
12,FFT,float64,1024,1024,1024,16,1,NCCL,4,1276.7731,261.0483,346.5036,271.1849,25.1482,261.4386
12,IFFT,float64,1024,1024,1024,16,1,NCCL,4,366.1556,272.0346,279.8102,273.8450,2.1792,272.7700
14,FFT,float64,1024,1024,1024,16,1,NCCL,4,1275.3379,261.5603,346.9874,271.6195,25.1641,262.3249
14,IFFT,float64,1024,1024,1024,16,1,NCCL,4,367.8864,271.0990,279.5059,273.4899,2.1843,271.9350
15,FFT,float64,1024,1024,1024,16,1,NCCL,4,1278.9999,261.2462,347.0825,271.6568,25.1956,262.1692
15,IFFT,float64,1024,1024,1024,16,1,NCCL,4,367.5396,270.6670,279.8772,273.4395,2.3438,271.7879
5,FFT,float64,1024,1024,1024,16,1,NCCL,4,1299.2371,261.5121,339.8544,270.9159,23.0310,261.5121
5,IFFT,float64,1024,1024,1024,16,1,NCCL,4,366.0201,270.6674,277.8335,273.5610,1.7142,273.6049
3,FFT,float64,1024,1024,1024,16,1,NCCL,4,1303.6165,261.3921,337.2173,270.9474,22.1538,264.7236
3,IFFT,float64,1024,1024,1024,16,1,NCCL,4,368.8752,271.4023,276.5103,273.5277,1.7637,271.4023
8,FFT,float64,1024,1024,1024,16,1,NCCL,4,1283.2235,260.7047,334.2420,270.1722,21.4258,262.0153
8,IFFT,float64,1024,1024,1024,16,1,NCCL,4,366.1803,272.2121,276.0583,273.7684,1.2934,272.5305
11,FFT,float64,1024,1024,1024,16,1,NCCL,4,1258.0665,261.1451,335.3353,270.2970,21.7526,262.3990
11,IFFT,float64,1024,1024,1024,16,1,NCCL,4,366.1367,272.2632,276.3827,273.6513,1.4733,272.3156
4,FFT,float64,1024,1024,1024,16,1,NCCL,4,1245.2348,262.2673,339.6957,271.3523,22.8509,262.3927
4,IFFT,float64,1024,1024,1024,16,1,NCCL,4,365.8426,270.9427,274.9600,273.1381,1.1258,272.7837
1,FFT,float64,1024,1024,1024,16,1,NCCL,4,1268.5477,260.6369,338.5534,270.9280,22.6100,264.7336
1,IFFT,float64,1024,1024,1024,16,1,NCCL,4,368.8289,271.2024,276.6590,273.4632,1.8766,271.2024
9,FFT,float64,1024,1024,1024,16,1,NCCL,4,1293.4069,260.1397,334.4451,270.3003,21.4658,263.1726
9,IFFT,float64,1024,1024,1024,16,1,NCCL,4,366.2401,272.2117,276.2195,273.6342,1.3722,272.3987
10,FFT,float64,1024,1024,1024,16,1,NCCL,4,1258.0209,261.4023,335.8393,270.2403,21.9329,261.4883
10,IFFT,float64,1024,1024,1024,16,1,NCCL,4,366.1375,272.0611,276.4121,273.7267,1.4879,272.3539
7,FFT,float64,1024,1024,1024,16,1,NCCL,4,1275.7510,261.2261,340.0521,270.9704,23.1067,261.2261
7,IFFT,float64,1024,1024,1024,16,1,NCCL,4,364.7123,270.8454,275.8912,273.5617,1.3825,274.2289
0,FFT,float64,1024,1024,1024,16,1,NCCL,4,1269.1222,260.9571,339.2478,271.0273,22.7865,263.8954
0,IFFT,float64,1024,1024,1024,16,1,NCCL,4,368.6772,271.3541,276.8084,273.3798,1.7454,271.3541
6,FFT,float64,1024,1024,1024,16,1,NCCL,4,1275.8288,261.8426,340.1496,271.0464,23.1019,262.1489
6,IFFT,float64,1024,1024,1024,16,1,NCCL,4,364.6564,271.4969,276.0616,273.4803,1.2861,273.1904
2,FFT,float64,1024,1024,1024,16,1,NCCL,4,1303.1940,261.6693,338.4049,271.1432,22.4623,263.7237
2,IFFT,float64,1024,1024,1024,16,1,NCCL,4,368.6295,271.5251,276.4974,273.3221,1.6459,271.5251
2,FFT,float64,1024,1024,1024,16,1,MPI,4,6436.7711,539.3251,1854.1623,1062.7911,317.4940,992.6000
2,IFFT,float64,1024,1024,1024,16,1,MPI,4,2012.5765,840.4923,1522.5856,1119.8027,201.6601,1227.3419
1,FFT,float64,1024,1024,1024,16,1,MPI,4,6419.9215,562.8438,1171.8991,944.2412,187.2515,847.5735
1,IFFT,float64,1024,1024,1024,16,1,MPI,4,2396.8809,700.7815,1797.0943,1250.7315,284.8421,1583.4167
0,FFT,float64,1024,1024,1024,16,1,MPI,4,7778.7594,769.4870,1745.4138,1144.5624,264.1227,991.9021
0,IFFT,float64,1024,1024,1024,16,1,MPI,4,1259.5700,902.4274,1441.6534,1058.4800,150.7333,1106.4975
6,FFT,float64,1024,1024,1024,16,1,MPI,4,7681.0470,852.8285,1767.5159,1184.5230,291.4421,993.7883
6,IFFT,float64,1024,1024,1024,16,1,MPI,4,1334.6306,775.5703,1269.9056,1026.3926,145.9206,1157.8397
5,FFT,float64,1024,1024,1024,16,1,MPI,4,6396.3483,783.9993,1588.0239,1177.0375,237.0849,1182.3037
5,IFFT,float64,1024,1024,1024,16,1,MPI,4,2294.3968,784.2472,1212.3122,1026.6423,146.2890,1139.5293
4,FFT,float64,1024,1024,1024,16,1,MPI,4,7630.3543,727.0662,1228.3924,1081.7662,162.7700,1183.2931
4,IFFT,float64,1024,1024,1024,16,1,MPI,4,1165.7811,894.7667,1310.0362,1115.5331,135.9225,1278.5494
3,FFT,float64,1024,1024,1024,16,1,MPI,4,6284.4463,759.8429,1739.0896,1175.6990,267.3769,1159.4486
3,IFFT,float64,1024,1024,1024,16,1,MPI,4,2309.6838,780.2902,1381.0575,1050.9227,178.2197,1053.0526
12,FFT,float64,1024,1024,1024,16,1,MPI,4,7771.9220,789.9142,1628.8693,1205.9335,226.5585,1105.8271
12,IFFT,float64,1024,1024,1024,16,1,MPI,4,1292.4405,860.5489,1134.3437,1012.4169,75.6432,1134.3437
9,FFT,float64,1024,1024,1024,16,1,MPI,4,7722.3140,831.1289,1957.6358,1162.6564,306.6131,980.3869
9,IFFT,float64,1024,1024,1024,16,1,MPI,4,1215.2470,711.8621,1281.9688,1055.8208,146.4849,1281.9688
15,FFT,float64,1024,1024,1024,16,1,MPI,4,7679.2713,783.3958,1704.9808,1139.4342,228.0878,1188.0179
15,IFFT,float64,1024,1024,1024,16,1,MPI,4,1298.0160,973.0790,1276.1948,1086.6826,84.6231,1084.0094
8,FFT,float64,1024,1024,1024,16,1,MPI,4,7754.6277,864.0912,1925.9182,1197.4046,269.9599,1244.4999
8,IFFT,float64,1024,1024,1024,16,1,MPI,4,1280.8804,790.3394,1335.6553,1027.0898,160.3274,1335.6553
13,FFT,float64,1024,1024,1024,16,1,MPI,4,7666.4117,819.3997,1272.8723,1081.7490,150.4115,1265.4243
13,IFFT,float64,1024,1024,1024,16,1,MPI,4,1291.6019,906.0447,1681.7627,1142.8961,205.7335,1145.7560
10,FFT,float64,1024,1024,1024,16,1,MPI,4,7684.3990,901.4731,1987.0477,1212.8891,304.7621,1096.7420
10,IFFT,float64,1024,1024,1024,16,1,MPI,4,1227.5595,849.4559,1286.9270,1011.1930,132.5535,1286.9270
11,FFT,float64,1024,1024,1024,16,1,MPI,4,7720.8451,790.0133,1619.6523,1160.0358,240.9455,1137.3932
11,IFFT,float64,1024,1024,1024,16,1,MPI,4,1295.1772,884.0075,1179.1912,1068.3980,99.4152,1163.7740
14,FFT,float64,1024,1024,1024,16,1,MPI,4,7682.0281,780.0378,1406.3282,1142.8064,181.6675,1179.6068
14,IFFT,float64,1024,1024,1024,16,1,MPI,4,1164.7359,966.9215,1385.5927,1088.1321,124.9119,1054.6070
7,FFT,float64,1024,1024,1024,16,1,MPI,4,7696.6431,938.8715,1985.6006,1206.2579,288.5810,1172.7682
7,IFFT,float64,1024,1024,1024,16,1,MPI,4,1185.0181,821.3499,1164.7414,1024.5406,96.2536,1058.3951
