0,32,32,32,2,2,NCCL,1,0.00046598201151937246
1,32,32,32,2,2,NCCL,1,0.00045669195242226124
2,32,32,32,2,2,NCCL,1,0.00027325598057359457
3,32,32,32,2,2,NCCL,1,0.00029346300289034843
2,32,32,32,4,1,NCCL,1,0.0002969279885292053
3,32,32,32,4,1,NCCL,1,0.00033655803417786956
1,32,32,32,4,1,NCCL,1,0.0002209870144724846
0,32,32,32,4,1,NCCL,1,0.00033713201992213726
0,32,32,32,1,4,NCCL,1,0.00016182998660951853
3,32,32,32,1,4,NCCL,1,0.0001630149781703949
2,32,32,32,1,4,NCCL,1,0.00018824799917638302
1,32,32,32,1,4,NCCL,1,0.00016145198605954647
3,64,64,64,2,2,NCCL,1,0.0004066110122948885
2,64,64,64,2,2,NCCL,1,0.0002771140425466001
0,64,64,64,2,2,NCCL,1,0.00025194103363901377
1,64,64,64,2,2,NCCL,1,0.0002907140296883881
0,64,64,64,4,1,NCCL,1,0.0004599930252879858
3,64,64,64,4,1,NCCL,1,0.0004092739545740187
2,64,64,64,4,1,NCCL,1,0.0002785139949992299
1,64,64,64,4,1,NCCL,1,0.0004309100331738591
0,64,64,64,1,4,NCCL,1,0.000177112000528723
1,64,64,64,1,4,NCCL,1,0.00021797901717945933
2,64,64,64,1,4,NCCL,1,0.00018336600624024868
3,64,64,64,1,4,NCCL,1,0.00022653304040431976
0,128,128,128,2,2,NCCL,1,0.0005289739929139614
1,128,128,128,2,2,NCCL,1,0.0006112150149419904
2,128,128,128,2,2,NCCL,1,0.00037042703479528427
3,128,128,128,2,2,NCCL,1,0.0005133399972692132
2,128,128,128,4,1,NCCL,1,0.00036538398126140237
1,128,128,128,4,1,NCCL,1,0.00037992303259670734
0,128,128,128,4,1,NCCL,1,0.000439607014413923
3,128,128,128,4,1,NCCL,1,0.0004276169929653406
1,128,128,128,1,4,NCCL,1,0.00025570299476385117
0,128,128,128,1,4,NCCL,1,0.00025648099835962057
3,128,128,128,1,4,NCCL,1,0.0002758879563771188
2,128,128,128,1,4,NCCL,1,0.00027221895288676023
3,256,256,256,2,2,NCCL,1,0.0018856659880839288
2,256,256,256,2,2,NCCL,1,0.0018917290144599974
0,256,256,256,2,2,NCCL,1,0.0021576290018856525
1,256,256,256,2,2,NCCL,1,0.00220488099148497
1,256,256,256,4,1,NCCL,1,0.0019047899986617267
3,256,256,256,4,1,NCCL,1,0.0019757469999603927
0,256,256,256,4,1,NCCL,1,0.0020304449717514217
2,256,256,256,4,1,NCCL,1,0.0020448349532671273
0,256,256,256,1,4,NCCL,1,0.001264372025616467
1,256,256,256,1,4,NCCL,1,0.0012835300294682384
3,256,256,256,1,4,NCCL,1,0.0013414440327323973
2,256,256,256,1,4,NCCL,1,0.0013531279982998967
2,512,512,512,2,2,NCCL,1,0.0129767149919644
1,512,512,512,2,2,NCCL,1,0.013208504009526223
0,512,512,512,2,2,NCCL,1,0.013158519985154271
3,512,512,512,2,2,NCCL,1,0.013063455000519753
1,512,512,512,4,1,NCCL,1,0.013048711989540607
0,512,512,512,4,1,NCCL,1,0.013157034991309047
2,512,512,512,4,1,NCCL,1,0.013050832028966397
3,512,512,512,4,1,NCCL,1,0.013135896006133407
3,512,512,512,1,4,NCCL,1,0.009743909002281725
2,512,512,512,1,4,NCCL,1,0.009637812036089599
0,512,512,512,1,4,NCCL,1,0.009756629006005824
1,512,512,512,1,4,NCCL,1,0.009570159018039703
3,1024,1024,1024,2,2,NCCL,1,0.10687912697903812
2,1024,1024,1024,2,2,NCCL,1,0.10695472196675837
1,1024,1024,1024,2,2,NCCL,1,0.1069125040085055
0,1024,1024,1024,2,2,NCCL,1,0.10698223696090281
1,1024,1024,1024,4,1,NCCL,1,0.11157099797856063
2,1024,1024,1024,4,1,NCCL,1,0.11143145797541365
0,1024,1024,1024,4,1,NCCL,1,0.11165240802802145
3,1024,1024,1024,4,1,NCCL,1,0.11134126503020525
2,1024,1024,1024,1,4,NCCL,1,0.08348319202195853
3,1024,1024,1024,1,4,NCCL,1,0.08355076500447467
1,1024,1024,1024,1,4,NCCL,1,0.08346809801878408
0,1024,1024,1024,1,4,NCCL,1,0.08382498403079808
2,32,32,32,2,2,MPI,1,0.00037628202699124813
0,32,32,32,2,2,MPI,1,0.0006493940018117428
3,32,32,32,2,2,MPI,1,0.0003531809779815376
1,32,32,32,2,2,MPI,1,0.0006997989839874208
1,32,32,32,4,1,MPI,1,0.0004205909790471196
0,32,32,32,4,1,MPI,1,0.0004040990024805069
3,32,32,32,4,1,MPI,1,0.0003696689964272082
2,32,32,32,4,1,MPI,1,0.00038920098450034857
3,32,32,32,1,4,MPI,1,0.00016276101814582944
2,32,32,32,1,4,MPI,1,0.00018699502106755972
0,32,32,32,1,4,MPI,1,0.00016249099280685186
1,32,32,32,1,4,MPI,1,0.00016567402053624392
0,64,64,64,2,2,MPI,1,0.0006502640317194164
1,64,64,64,2,2,MPI,1,0.0007561389938928187
3,64,64,64,2,2,MPI,1,0.00037279201205819845
2,64,64,64,2,2,MPI,1,0.00041380198672413826
0,64,64,64,4,1,MPI,1,0.0004180370015092194
3,64,64,64,4,1,MPI,1,0.0003814559895545244
1,64,64,64,4,1,MPI,1,0.00047171401092782617
2,64,64,64,4,1,MPI,1,0.00037934700958430767
2,64,64,64,1,4,MPI,1,0.00022281199926510453
3,64,64,64,1,4,MPI,1,0.0002419700031168759
0,64,64,64,1,4,MPI,1,0.00017338700126856565
1,64,64,64,1,4,MPI,1,0.00015850900672376156
1,128,128,128,2,2,MPI,1,0.0012891090009361506
2,128,128,128,2,2,MPI,1,0.000524275004863739
0,128,128,128,2,2,MPI,1,0.0013640979886986315
3,128,128,128,2,2,MPI,1,0.0005413359613157809
1,128,128,128,4,1,MPI,1,0.000571461976505816
3,128,128,128,4,1,MPI,1,0.0005335719906724989
0,128,128,128,4,1,MPI,1,0.000524127040989697
2,128,128,128,4,1,MPI,1,0.0005613559624180198
3,128,128,128,1,4,MPI,1,0.0002524360315874219
2,128,128,128,1,4,MPI,1,0.0002483439748175442
1,128,128,128,1,4,MPI,1,0.0002503540017642081
0,128,128,128,1,4,MPI,1,0.00025734095834195614
1,256,256,256,2,2,MPI,1,0.002276392944622785
2,256,256,256,2,2,MPI,1,0.006796782021410763
3,256,256,256,2,2,MPI,1,0.006826085038483143
0,256,256,256,2,2,MPI,1,0.0022958240006119013
3,256,256,256,4,1,MPI,1,0.0023575290106236935
1,256,256,256,4,1,MPI,1,0.0023418879718519747
0,256,256,256,4,1,MPI,1,0.0023026890121400356
2,256,256,256,4,1,MPI,1,0.0023510970058850944
1,256,256,256,1,4,MPI,1,0.0012879130081273615
3,256,256,256,1,4,MPI,1,0.0013983839889988303
0,256,256,256,1,4,MPI,1,0.0012895299587398767
2,256,256,256,1,4,MPI,1,0.0014297309680841863
3,512,512,512,2,2,MPI,1,0.014635454979725182
2,512,512,512,2,2,MPI,1,0.01465503202052787
0,512,512,512,2,2,MPI,1,0.013266535999719054
1,512,512,512,2,2,MPI,1,0.013313891016878188
0,512,512,512,4,1,MPI,1,0.01564192201476544
1,512,512,512,4,1,MPI,1,0.015599538979586214
2,512,512,512,4,1,MPI,1,0.015705219004303217
3,512,512,512,4,1,MPI,1,0.015717534988652915
0,512,512,512,1,4,MPI,1,0.009578127006534487
1,512,512,512,1,4,MPI,1,0.009459885011892766
3,512,512,512,1,4,MPI,1,0.009692343999631703
2,512,512,512,1,4,MPI,1,0.009745327988639474
0,1024,1024,1024,2,2,MPI,1,0.10763730597682297
1,1024,1024,1024,2,2,MPI,1,0.10768142499728128
2,1024,1024,1024,2,2,MPI,1,0.11172567500034347
3,1024,1024,1024,2,2,MPI,1,0.11165798699948937
2,1024,1024,1024,4,1,MPI,1,0.13196426100330427
3,1024,1024,1024,4,1,MPI,1,0.13213686499511823
0,1024,1024,1024,4,1,MPI,1,0.1319740519975312
1,1024,1024,1024,4,1,MPI,1,0.13194403500529006
2,1024,1024,1024,1,4,MPI,1,0.08210615598363802
1,1024,1024,1024,1,4,MPI,1,0.08189592900453135
3,1024,1024,1024,1,4,MPI,1,0.08179851103341207
0,1024,1024,1024,1,4,MPI,1,0.082388759998139
0,128,128,128,2,4,NCCL,2,0.0010647160233929753
1,128,128,128,2,4,NCCL,2,0.0010424160864204168
2,128,128,128,2,4,NCCL,2,0.0008866279385983944
3,128,128,128,2,4,NCCL,2,0.0008732409914955497
5,128,128,128,2,4,NCCL,2,0.000646047992631793
4,128,128,128,2,4,NCCL,2,0.0007176039507612586
6,128,128,128,2,4,NCCL,2,0.0007619590032845736
7,128,128,128,2,4,NCCL,2,0.0008087569149211049
7,128,128,128,4,2,NCCL,2,0.0010665840236470103
4,128,128,128,4,2,NCCL,2,0.0013053880538791418
5,128,128,128,4,2,NCCL,2,0.0012478389544412494
6,128,128,128,4,2,NCCL,2,0.0009765580762177706
2,128,128,128,4,2,NCCL,2,0.0006575549487024546
3,128,128,128,4,2,NCCL,2,0.0006973319686949253
1,128,128,128,4,2,NCCL,2,0.0006995450239628553
0,128,128,128,4,2,NCCL,2,0.0006328149465844035
1,128,128,128,1,8,NCCL,2,0.00027494202367961407
0,128,128,128,1,8,NCCL,2,0.00023299397435039282
4,128,128,128,1,8,NCCL,2,0.0002264640061184764
6,128,128,128,1,8,NCCL,2,0.00022103707306087017
7,128,128,128,1,8,NCCL,2,0.00022848101798444986
5,128,128,128,1,8,NCCL,2,0.00023553590290248394
2,128,128,128,1,8,NCCL,2,0.0002799860667437315
3,128,128,128,1,8,NCCL,2,0.00024309603031724691
2,128,128,128,8,1,NCCL,2,0.000925883068703115
1,128,128,128,8,1,NCCL,2,0.0009439379209652543
0,128,128,128,8,1,NCCL,2,0.0009766781004145741
3,128,128,128,8,1,NCCL,2,0.0007923960220068693
5,128,128,128,8,1,NCCL,2,0.0007192690391093493
6,128,128,128,8,1,NCCL,2,0.0007374569540843368
7,128,128,128,8,1,NCCL,2,0.0007346679922193289
4,128,128,128,8,1,NCCL,2,0.0007187409792095423
0,256,256,256,2,4,NCCL,2,0.003399690962396562
2,256,256,256,2,4,NCCL,2,0.0034010149538517
1,256,256,256,2,4,NCCL,2,0.003458810970187187
3,256,256,256,2,4,NCCL,2,0.0034943519858643413
5,256,256,256,2,4,NCCL,2,0.003407469019293785
4,256,256,256,2,4,NCCL,2,0.0034971819259226322
6,256,256,256,2,4,NCCL,2,0.003521459992043674
7,256,256,256,2,4,NCCL,2,0.0034938791068270802
7,256,256,256,4,2,NCCL,2,0.003268280066549778
6,256,256,256,4,2,NCCL,2,0.0033376049250364304
4,256,256,256,4,2,NCCL,2,0.0034186970442533493
5,256,256,256,4,2,NCCL,2,0.003452469944022596
3,256,256,256,4,2,NCCL,2,0.0033549260115250945
2,256,256,256,4,2,NCCL,2,0.003428166965022683
0,256,256,256,4,2,NCCL,2,0.004018323961645365
1,256,256,256,4,2,NCCL,2,0.0038425979437306523
2,256,256,256,1,8,NCCL,2,0.0010174850467592478
3,256,256,256,1,8,NCCL,2,0.0010036799358204007
0,256,256,256,1,8,NCCL,2,0.00112338294275105
1,256,256,256,1,8,NCCL,2,0.0011056310031563044
5,256,256,256,1,8,NCCL,2,0.0010248071048408747
6,256,256,256,1,8,NCCL,2,0.0010187850566580892
4,256,256,256,1,8,NCCL,2,0.0010029730619862676
7,256,256,256,1,8,NCCL,2,0.0011480749817565084
1,256,256,256,8,1,NCCL,2,0.0037996520986780524
3,256,256,256,8,1,NCCL,2,0.003806011052802205
2,256,256,256,8,1,NCCL,2,0.003861942095682025
0,256,256,256,8,1,NCCL,2,0.003832760965451598
4,256,256,256,8,1,NCCL,2,0.0038317639846354723
5,256,256,256,8,1,NCCL,2,0.003867334919050336
6,256,256,256,8,1,NCCL,2,0.0045207730727270246
7,256,256,256,8,1,NCCL,2,0.004580389941111207
4,512,512,512,2,4,NCCL,2,0.02479330589994788
5,512,512,512,2,4,NCCL,2,0.024726010975427926
7,512,512,512,2,4,NCCL,2,0.024669013917446136
6,512,512,512,2,4,NCCL,2,0.024719710927456617
0,512,512,512,2,4,NCCL,2,0.02582499000709504
3,512,512,512,2,4,NCCL,2,0.025883857044391334
2,512,512,512,2,4,NCCL,2,0.025883383001200855
1,512,512,512,2,4,NCCL,2,0.02589074894785881
2,512,512,512,4,2,NCCL,2,0.02464080206118524
3,512,512,512,4,2,NCCL,2,0.024515836033970118
1,512,512,512,4,2,NCCL,2,0.024865507031790912
0,512,512,512,4,2,NCCL,2,0.024928011000156403
7,512,512,512,4,2,NCCL,2,0.025875302962958813
4,512,512,512,4,2,NCCL,2,0.02594386599957943
5,512,512,512,4,2,NCCL,2,0.026060063974000514
6,512,512,512,4,2,NCCL,2,0.02573661901988089
4,512,512,512,1,8,NCCL,2,0.007987812045030296
5,512,512,512,1,8,NCCL,2,0.00786975200753659
6,512,512,512,1,8,NCCL,2,0.007936886046081781
7,512,512,512,1,8,NCCL,2,0.007850360940210521
3,512,512,512,1,8,NCCL,2,0.007870426983572543
2,512,512,512,1,8,NCCL,2,0.008003994938917458
0,512,512,512,1,8,NCCL,2,0.00782098900526762
1,512,512,512,1,8,NCCL,2,0.007848032051697373
2,512,512,512,8,1,NCCL,2,0.028457428910769522
0,512,512,512,8,1,NCCL,2,0.02867748902644962
1,512,512,512,8,1,NCCL,2,0.028686075005680323
3,512,512,512,8,1,NCCL,2,0.028462302056141198
4,512,512,512,8,1,NCCL,2,0.028122499003075063
7,512,512,512,8,1,NCCL,2,0.03355147992260754
5,512,512,512,8,1,NCCL,2,0.028229704941622913
6,512,512,512,8,1,NCCL,2,0.03303836297709495
4,1024,1024,1024,2,4,NCCL,2,0.19715309992898256
6,1024,1024,1024,2,4,NCCL,2,0.19693164492491633
7,1024,1024,1024,2,4,NCCL,2,0.19701359001919627
5,1024,1024,1024,2,4,NCCL,2,0.1970567050157115
1,1024,1024,1024,2,4,NCCL,2,0.20191296294797212
0,1024,1024,1024,2,4,NCCL,2,0.20178381202276796
2,1024,1024,1024,2,4,NCCL,2,0.20178382203448564
3,1024,1024,1024,2,4,NCCL,2,0.2018521500285715
1,1024,1024,1024,4,2,NCCL,2,0.19587287597823888
3,1024,1024,1024,4,2,NCCL,2,0.1949319050181657
2,1024,1024,1024,4,2,NCCL,2,0.1948187870439142
0,1024,1024,1024,4,2,NCCL,2,0.19583373900968581
4,1024,1024,1024,4,2,NCCL,2,0.1946528450353071
6,1024,1024,1024,4,2,NCCL,2,0.19503523595631123
5,1024,1024,1024,4,2,NCCL,2,0.19461247802246362
7,1024,1024,1024,4,2,NCCL,2,0.1950357269961387
7,1024,1024,1024,1,8,NCCL,2,0.06225124292541295
4,1024,1024,1024,1,8,NCCL,2,0.06235975900199264
6,1024,1024,1024,1,8,NCCL,2,0.06216685299295932
5,1024,1024,1024,1,8,NCCL,2,0.06228766997810453
1,1024,1024,1024,1,8,NCCL,2,0.062190457014366984
2,1024,1024,1024,1,8,NCCL,2,0.06235138908959925
3,1024,1024,1024,1,8,NCCL,2,0.062443859060294926
0,1024,1024,1024,1,8,NCCL,2,0.062305198051035404
2,1024,1024,1024,8,1,NCCL,2,0.22407118801493198
3,1024,1024,1024,8,1,NCCL,2,0.2240971369901672
0,1024,1024,1024,8,1,NCCL,2,0.22880378598347306
1,1024,1024,1024,8,1,NCCL,2,0.22901860694400966
5,1024,1024,1024,8,1,NCCL,2,0.22381747199688107
4,1024,1024,1024,8,1,NCCL,2,0.22385233209934086
7,1024,1024,1024,8,1,NCCL,2,0.2239831939805299
6,1024,1024,1024,8,1,NCCL,2,0.224057971034199
2,128,128,128,2,4,MPI,2,0.005085768993012607
0,128,128,128,2,4,MPI,2,0.005151720950379968
3,128,128,128,2,4,MPI,2,0.009363860008306801
1,128,128,128,2,4,MPI,2,0.005097202956676483
5,128,128,128,2,4,MPI,2,0.0008535680826753378
4,128,128,128,2,4,MPI,2,0.0008352290606126189
6,128,128,128,2,4,MPI,2,0.0015281899832189083
7,128,128,128,2,4,MPI,2,0.0008696670411154628
5,128,128,128,4,2,MPI,2,0.0017700609751045704
1,128,128,128,4,2,MPI,2,0.004354470991529524
4,128,128,128,4,2,MPI,2,0.001835647039115429
6,128,128,128,4,2,MPI,2,0.0015177159802988172
7,128,128,128,4,2,MPI,2,0.0015582599444314837
0,128,128,128,4,2,MPI,2,0.004339170060120523
2,128,128,128,4,2,MPI,2,0.0037594030145555735
3,128,128,128,4,2,MPI,2,0.0037821850273758173
7,128,128,128,1,8,MPI,2,0.00023754802532494068
6,128,128,128,1,8,MPI,2,0.0002245160285383463
4,128,128,128,1,8,MPI,2,0.00022971304133534431
5,128,128,128,1,8,MPI,2,0.0002506959717720747
0,128,128,128,1,8,MPI,2,0.00022610300220549107
3,128,128,128,1,8,MPI,2,0.00023033202160149813
1,128,128,128,1,8,MPI,2,0.0002241720212623477
2,128,128,128,1,8,MPI,2,0.00022432603873312473
1,128,128,128,8,1,MPI,2,2.3561779080191627
2,128,128,128,8,1,MPI,2,0.5962873389944434
3,128,128,128,8,1,MPI,2,0.0007766069611534476
0,128,128,128,8,1,MPI,2,2.3562520559644327
4,128,128,128,8,1,MPI,2,0.0071027110097929835
5,128,128,128,8,1,MPI,2,0.004391579073853791
7,128,128,128,8,1,MPI,2,0.0007100870134308934
6,128,128,128,8,1,MPI,2,0.0006967129884287715
3,256,256,256,2,4,MPI,2,0.009909092914313078
1,256,256,256,2,4,MPI,2,0.010006548021920025
0,256,256,256,2,4,MPI,2,0.010040148044936359
2,256,256,256,2,4,MPI,2,0.00989567197393626
5,256,256,256,2,4,MPI,2,0.019094340037554502
4,256,256,256,2,4,MPI,2,0.019136907998472452
6,256,256,256,2,4,MPI,2,0.019133183057419956
7,256,256,256,2,4,MPI,2,0.019139467971399426
4,256,256,256,4,2,MPI,2,0.005321523989550769
7,256,256,256,4,2,MPI,2,0.004633254022337496
6,256,256,256,4,2,MPI,2,0.0047242240980267525
5,256,256,256,4,2,MPI,2,0.005286135012283921
0,256,256,256,4,2,MPI,2,0.252194932079874
1,256,256,256,4,2,MPI,2,0.2521713461028412
3,256,256,256,4,2,MPI,2,0.48538569698575884
2,256,256,256,4,2,MPI,2,0.4854116439819336
2,256,256,256,1,8,MPI,2,0.001011893036775291
0,256,256,256,1,8,MPI,2,0.0010032179998233914
3,256,256,256,1,8,MPI,2,0.001040698029100895
1,256,256,256,1,8,MPI,2,0.0010197339579463005
4,256,256,256,1,8,MPI,2,0.001004838035441935
5,256,256,256,1,8,MPI,2,0.0010015639709308743
6,256,256,256,1,8,MPI,2,0.0010134109761565924
7,256,256,256,1,8,MPI,2,0.0010104189859703183
4,256,256,256,8,1,MPI,2,0.009251070907339454
7,256,256,256,8,1,MPI,2,0.00858214998152107
0,256,256,256,8,1,MPI,2,0.593163836048916
2,256,256,256,8,1,MPI,2,0.593292891047895
6,256,256,256,8,1,MPI,2,0.009248484973795712
3,256,256,256,8,1,MPI,2,0.5933200980070978
5,256,256,256,8,1,MPI,2,0.008570712991058826
1,256,256,256,8,1,MPI,2,1.1829567359527573
5,512,512,512,2,4,MPI,2,0.15864337503444403
4,512,512,512,2,4,MPI,2,0.15861081203911453
6,512,512,512,2,4,MPI,2,0.1650787569815293
7,512,512,512,2,4,MPI,2,0.15881495899520814
1,512,512,512,2,4,MPI,2,0.09040974196977913
3,512,512,512,2,4,MPI,2,0.08721794304437935
0,512,512,512,2,4,MPI,2,0.08712138200644404
2,512,512,512,2,4,MPI,2,0.0871557469945401
2,512,512,512,4,2,MPI,2,0.4183432270074263
3,512,512,512,4,2,MPI,2,0.4183299100259319
1,512,512,512,4,2,MPI,2,0.42023433395661414
0,512,512,512,4,2,MPI,2,0.4202068510930985
7,512,512,512,4,2,MPI,2,0.06708056502975523
4,512,512,512,4,2,MPI,2,0.07584980002138764
5,512,512,512,4,2,MPI,2,0.07582619192544371
6,512,512,512,4,2,MPI,2,0.06705872598104179
4,512,512,512,1,8,MPI,2,0.007720554945990443
5,512,512,512,1,8,MPI,2,0.007579991011880338
6,512,512,512,1,8,MPI,2,0.007651536026969552
7,512,512,512,1,8,MPI,2,0.007550451089628041
1,512,512,512,1,8,MPI,2,0.007697159890085459
0,512,512,512,1,8,MPI,2,0.007736408966593444
3,512,512,512,1,8,MPI,2,0.007738728076219559
2,512,512,512,1,8,MPI,2,0.007764676003716886
0,512,512,512,8,1,MPI,2,0.6592220950406045
3,512,512,512,8,1,MPI,2,0.6532682429533452
7,512,512,512,8,1,MPI,2,0.05343205400276929
5,512,512,512,8,1,MPI,2,0.07416803704109043
2,512,512,512,8,1,MPI,2,0.662543545011431
1,512,512,512,8,1,MPI,2,0.6755164030473679
4,512,512,512,8,1,MPI,2,0.08227336301933974
6,512,512,512,8,1,MPI,2,0.0884481529938057
1,1024,1024,1024,2,4,MPI,2,0.5751362349838018
0,1024,1024,1024,2,4,MPI,2,0.5747982540633529
2,1024,1024,1024,2,4,MPI,2,0.5752787489909679
3,1024,1024,1024,2,4,MPI,2,0.5749273099936545
5,1024,1024,1024,2,4,MPI,2,0.669856058084406
4,1024,1024,1024,2,4,MPI,2,0.6700249400455505
6,1024,1024,1024,2,4,MPI,2,0.6699294779682532
7,1024,1024,1024,2,4,MPI,2,0.6699091070331633
4,1024,1024,1024,4,2,MPI,2,0.6645365559961647
5,1024,1024,1024,4,2,MPI,2,0.6645599280018359
3,1024,1024,1024,4,2,MPI,2,0.7546381159918383
2,1024,1024,1024,4,2,MPI,2,0.7547115490306169
1,1024,1024,1024,4,2,MPI,2,0.6792868040502071
0,1024,1024,1024,4,2,MPI,2,0.6794653449906036
7,1024,1024,1024,4,2,MPI,2,0.6456943930825219
6,1024,1024,1024,4,2,MPI,2,0.6457770790439099
4,1024,1024,1024,1,8,MPI,2,0.062295592040754855
5,1024,1024,1024,1,8,MPI,2,0.06233578303363174
7,1024,1024,1024,1,8,MPI,2,0.06234327703714371
6,1024,1024,1024,1,8,MPI,2,0.06232385302428156
0,1024,1024,1024,1,8,MPI,2,0.06226947496179491
1,1024,1024,1024,1,8,MPI,2,0.06224031304009259
3,1024,1024,1024,1,8,MPI,2,0.06232984398957342
2,1024,1024,1024,1,8,MPI,2,0.0623242479050532
5,1024,1024,1024,8,1,MPI,2,0.43860163900535554
6,1024,1024,1024,8,1,MPI,2,0.47221531393006444
3,1024,1024,1024,8,1,MPI,2,0.9278197609819472
1,1024,1024,1024,8,1,MPI,2,0.6851070929551497
0,1024,1024,1024,8,1,MPI,2,0.7453991569345817
2,1024,1024,1024,8,1,MPI,2,0.7603657870786265
4,1024,1024,1024,8,1,MPI,2,0.759175986982882
7,1024,1024,1024,8,1,MPI,2,0.7761623959522694
0,256,256,256,2,8,NCCL,4,0.017725448007695377
1,256,256,256,2,8,NCCL,4,0.01777108001988381
3,256,256,256,2,8,NCCL,4,0.017746964003890753
2,256,256,256,2,8,NCCL,4,0.017615037970244884
4,256,256,256,2,8,NCCL,4,0.017489096033386886
10,256,256,256,2,8,NCCL,4,0.0033842449774965644
7,256,256,256,2,8,NCCL,4,0.01754627493210137
5,256,256,256,2,8,NCCL,4,0.01746427803300321
11,256,256,256,2,8,NCCL,4,0.0033227119129151106
8,256,256,256,2,8,NCCL,4,0.0032982310513034463
9,256,256,256,2,8,NCCL,4,0.0033325059339404106
6,256,256,256,2,8,NCCL,4,0.017738351016305387
12,256,256,256,2,8,NCCL,4,0.003255748888477683
13,256,256,256,2,8,NCCL,4,0.003308661049231887
14,256,256,256,2,8,NCCL,4,0.0033950400538742542
15,256,256,256,2,8,NCCL,4,0.0033005080185830593
3,256,256,256,8,2,NCCL,4,0.004985096980817616
1,256,256,256,8,2,NCCL,4,0.0036477440735325217
2,256,256,256,8,2,NCCL,4,0.005074959015473723
0,256,256,256,8,2,NCCL,4,0.0036790400044992566
14,256,256,256,8,2,NCCL,4,0.003995220991782844
13,256,256,256,8,2,NCCL,4,0.003821572056040168
15,256,256,256,8,2,NCCL,4,0.003929891972802579
12,256,256,256,8,2,NCCL,4,0.0038647750625386834
11,256,256,256,8,2,NCCL,4,0.002742488984949887
10,256,256,256,8,2,NCCL,4,0.0028145459946244955
9,256,256,256,8,2,NCCL,4,0.003442927962169051
8,256,256,256,8,2,NCCL,4,0.00336381106171757
7,256,256,256,8,2,NCCL,4,0.003174019046127796
5,256,256,256,8,2,NCCL,4,0.003053189953789115
6,256,256,256,8,2,NCCL,4,0.0032099559903144836
4,256,256,256,8,2,NCCL,4,0.003080877009779215
7,256,256,256,1,16,NCCL,4,0.0008926939917728305
5,256,256,256,1,16,NCCL,4,0.0008837979985401034
6,256,256,256,1,16,NCCL,4,0.0010965659748762846
4,256,256,256,1,16,NCCL,4,0.000927823013626039
0,256,256,256,1,16,NCCL,4,0.0008892720798030496
9,256,256,256,1,16,NCCL,4,0.0009074300760403275
2,256,256,256,1,16,NCCL,4,0.000986739993095398
11,256,256,256,1,16,NCCL,4,0.000982997938990593
1,256,256,256,1,16,NCCL,4,0.0009217200567945838
12,256,256,256,1,16,NCCL,4,0.0010006510419771075
3,256,256,256,1,16,NCCL,4,0.0010055399034172297
8,256,256,256,1,16,NCCL,4,0.0008821950759738684
10,256,256,256,1,16,NCCL,4,0.0009824669687077403
15,256,256,256,1,16,NCCL,4,0.0008886379655450583
14,256,256,256,1,16,NCCL,4,0.0008952759671956301
13,256,256,256,1,16,NCCL,4,0.0009968460071831942
14,256,256,256,16,1,NCCL,4,0.003074200008995831
15,256,256,256,16,1,NCCL,4,0.0030748589197173715
12,256,256,256,16,1,NCCL,4,0.003944244002923369
13,256,256,256,16,1,NCCL,4,0.004046231042593718
5,256,256,256,16,1,NCCL,4,0.00347424007486552
7,256,256,256,16,1,NCCL,4,0.0034011140232905746
9,256,256,256,16,1,NCCL,4,0.002972183981910348
8,256,256,256,16,1,NCCL,4,0.003036384005099535
10,256,256,256,16,1,NCCL,4,0.0030904359882697463
11,256,256,256,16,1,NCCL,4,0.0029665150213986635
6,256,256,256,16,1,NCCL,4,0.003414737991988659
4,256,256,256,16,1,NCCL,4,0.0033852349733933806
0,256,256,256,16,1,NCCL,4,0.002928901929408312
1,256,256,256,16,1,NCCL,4,0.002924763015471399
2,256,256,256,16,1,NCCL,4,0.0030068039195612073
3,256,256,256,16,1,NCCL,4,0.0029792089480906725
3,512,512,512,2,8,NCCL,4,0.052936258958652616
0,512,512,512,2,8,NCCL,4,0.05289182800333947
1,512,512,512,2,8,NCCL,4,0.0529251639964059
2,512,512,512,2,8,NCCL,4,0.05275535397231579
9,512,512,512,2,8,NCCL,4,0.022598390001803637
15,512,512,512,2,8,NCCL,4,0.022876752074807882
6,512,512,512,2,8,NCCL,4,0.05255748704075813
5,512,512,512,2,8,NCCL,4,0.05306316108908504
10,512,512,512,2,8,NCCL,4,0.02268758707214147
12,512,512,512,2,8,NCCL,4,0.02268725202884525
11,512,512,512,2,8,NCCL,4,0.022620728937909007
4,512,512,512,2,8,NCCL,4,0.05295571603346616
7,512,512,512,2,8,NCCL,4,0.052874402957968414
13,512,512,512,2,8,NCCL,4,0.02296383900102228
14,512,512,512,2,8,NCCL,4,0.02286192204337567
8,512,512,512,2,8,NCCL,4,0.022669831989333034
3,512,512,512,8,2,NCCL,4,0.018368536955676973
1,512,512,512,8,2,NCCL,4,0.018574291025288403
2,512,512,512,8,2,NCCL,4,0.01848871004767716
0,512,512,512,8,2,NCCL,4,0.018655834021046758
15,512,512,512,8,2,NCCL,4,0.019851931952871382
12,512,512,512,8,2,NCCL,4,0.019477743073366582
4,512,512,512,8,2,NCCL,4,0.018065862939693034
11,512,512,512,8,2,NCCL,4,0.0166741160210222
8,512,512,512,8,2,NCCL,4,0.01812450005672872
14,512,512,512,8,2,NCCL,4,0.019910360919311643
13,512,512,512,8,2,NCCL,4,0.01958138297777623
5,512,512,512,8,2,NCCL,4,0.01800093799829483
9,512,512,512,8,2,NCCL,4,0.018233870971016586
6,512,512,512,8,2,NCCL,4,0.019159412011504173
10,512,512,512,8,2,NCCL,4,0.017842143075540662
7,512,512,512,8,2,NCCL,4,0.019279234926216304
9,512,512,512,1,16,NCCL,4,0.006818051100708544
11,512,512,512,1,16,NCCL,4,0.006831992068327963
8,512,512,512,1,16,NCCL,4,0.0068661769619211555
13,512,512,512,1,16,NCCL,4,0.006825751974247396
10,512,512,512,1,16,NCCL,4,0.006846878910437226
0,512,512,512,1,16,NCCL,4,0.006639902945607901
2,512,512,512,1,16,NCCL,4,0.0068050280679017305
4,512,512,512,1,16,NCCL,4,0.006860314053483307
5,512,512,512,1,16,NCCL,4,0.006844121962785721
6,512,512,512,1,16,NCCL,4,0.006913918070495129
7,512,512,512,1,16,NCCL,4,0.0068664399441331625
14,512,512,512,1,16,NCCL,4,0.006729915970936418
12,512,512,512,1,16,NCCL,4,0.0066981971031054854
15,512,512,512,1,16,NCCL,4,0.006877805106341839
3,512,512,512,1,16,NCCL,4,0.006692009977996349
1,512,512,512,1,16,NCCL,4,0.0066736460430547595
2,512,512,512,16,1,NCCL,4,0.023114669020287693
3,512,512,512,16,1,NCCL,4,0.0231396509334445
0,512,512,512,16,1,NCCL,4,0.023241498973220587
1,512,512,512,16,1,NCCL,4,0.023383707972243428
8,512,512,512,16,1,NCCL,4,0.0220476120011881
5,512,512,512,16,1,NCCL,4,0.022098112967796624
15,512,512,512,16,1,NCCL,4,0.021727145998738706
9,512,512,512,16,1,NCCL,4,0.0227048919769004
11,512,512,512,16,1,NCCL,4,0.023596394923515618
10,512,512,512,16,1,NCCL,4,0.023349461029283702
4,512,512,512,16,1,NCCL,4,0.022182532935403287
6,512,512,512,16,1,NCCL,4,0.022292081033810973
7,512,512,512,16,1,NCCL,4,0.022144276066683233
14,512,512,512,16,1,NCCL,4,0.021725364960730076
12,512,512,512,16,1,NCCL,4,0.021892873919568956
13,512,512,512,16,1,NCCL,4,0.021898083039559424
0,1024,1024,1024,2,8,NCCL,4,0.209309165016748
3,1024,1024,1024,2,8,NCCL,4,0.20947597897611558
1,1024,1024,1024,2,8,NCCL,4,0.2094045199919492
2,1024,1024,1024,2,8,NCCL,4,0.20953102502971888
5,1024,1024,1024,2,8,NCCL,4,0.2098960019648075
4,1024,1024,1024,2,8,NCCL,4,0.21011463401373476
11,1024,1024,1024,2,8,NCCL,4,0.1802080300403759
6,1024,1024,1024,2,8,NCCL,4,0.21026003500446677
13,1024,1024,1024,2,8,NCCL,4,0.1802477950695902
7,1024,1024,1024,2,8,NCCL,4,0.21020548499654979
10,1024,1024,1024,2,8,NCCL,4,0.18022922601085156
8,1024,1024,1024,2,8,NCCL,4,0.1802860879106447
9,1024,1024,1024,2,8,NCCL,4,0.18030681903474033
14,1024,1024,1024,2,8,NCCL,4,0.1801362349651754
15,1024,1024,1024,2,8,NCCL,4,0.180001177941449
12,1024,1024,1024,2,8,NCCL,4,0.18013908597640693
3,1024,1024,1024,8,2,NCCL,4,0.1364289530320093
2,1024,1024,1024,8,2,NCCL,4,0.13652623898815364
0,1024,1024,1024,8,2,NCCL,4,0.13680809503421187
1,1024,1024,1024,8,2,NCCL,4,0.13676594092976302
11,1024,1024,1024,8,2,NCCL,4,0.13612555898725986
13,1024,1024,1024,8,2,NCCL,4,0.13965441402979195
12,1024,1024,1024,8,2,NCCL,4,0.139555458095856
4,1024,1024,1024,8,2,NCCL,4,0.13723628607112914
7,1024,1024,1024,8,2,NCCL,4,0.13798180094454437
10,1024,1024,1024,8,2,NCCL,4,0.1362595499958843
14,1024,1024,1024,8,2,NCCL,4,0.1384052410721779
5,1024,1024,1024,8,2,NCCL,4,0.1371848719427362
15,1024,1024,1024,8,2,NCCL,4,0.13840755191631615
8,1024,1024,1024,8,2,NCCL,4,0.13632881303783506
9,1024,1024,1024,8,2,NCCL,4,0.13644316501449794
6,1024,1024,1024,8,2,NCCL,4,0.1380180580308661
1,1024,1024,1024,1,16,NCCL,4,0.054350218968465924
0,1024,1024,1024,1,16,NCCL,4,0.054204407962970436
2,1024,1024,1024,1,16,NCCL,4,0.054416602943092585
3,1024,1024,1024,1,16,NCCL,4,0.054483104031533
11,1024,1024,1024,1,16,NCCL,4,0.054483173065818846
4,1024,1024,1024,1,16,NCCL,4,0.05447231302969158
12,1024,1024,1024,1,16,NCCL,4,0.054487781948409975
8,1024,1024,1024,1,16,NCCL,4,0.054365317919291556
9,1024,1024,1024,1,16,NCCL,4,0.05433019995689392
10,1024,1024,1024,1,16,NCCL,4,0.05450556008145213
7,1024,1024,1024,1,16,NCCL,4,0.05434680404141545
13,1024,1024,1024,1,16,NCCL,4,0.05447924300096929
15,1024,1024,1024,1,16,NCCL,4,0.054553269990719855
6,1024,1024,1024,1,16,NCCL,4,0.0543473589932546
5,1024,1024,1024,1,16,NCCL,4,0.05451632395852357
14,1024,1024,1024,1,16,NCCL,4,0.05451511102728546
3,1024,1024,1024,16,1,NCCL,4,0.17550771299283952
0,1024,1024,1024,16,1,NCCL,4,0.175643292022869
2,1024,1024,1024,16,1,NCCL,4,0.17514966300223023
10,1024,1024,1024,16,1,NCCL,4,0.17628550995141268
12,1024,1024,1024,16,1,NCCL,4,0.17651676898822188
1,1024,1024,1024,16,1,NCCL,4,0.17524384602438658
4,1024,1024,1024,16,1,NCCL,4,0.17657570308074355
11,1024,1024,1024,16,1,NCCL,4,0.17625857808161527
13,1024,1024,1024,16,1,NCCL,4,0.17701680795289576
15,1024,1024,1024,16,1,NCCL,4,0.1771888779476285
8,1024,1024,1024,16,1,NCCL,4,0.17603626300115138
5,1024,1024,1024,16,1,NCCL,4,0.1765878499718383
14,1024,1024,1024,16,1,NCCL,4,0.17699077702127397
9,1024,1024,1024,16,1,NCCL,4,0.17594261898193508
6,1024,1024,1024,16,1,NCCL,4,0.1765384878963232
7,1024,1024,1024,16,1,NCCL,4,0.17656172707211226
2,2048,2048,2048,2,8,NCCL,4,1.4821888009319082
3,2048,2048,2048,2,8,NCCL,4,1.4822927119676024
9,2048,2048,2048,2,8,NCCL,4,1.4548619930865243
0,2048,2048,2048,2,8,NCCL,4,1.482347389915958
1,2048,2048,2048,2,8,NCCL,4,1.48255761701148
5,2048,2048,2048,2,8,NCCL,4,1.4839039179496467
8,2048,2048,2048,2,8,NCCL,4,1.4548367719398811
13,2048,2048,2048,2,8,NCCL,4,1.454463761067018
14,2048,2048,2048,2,8,NCCL,4,1.4542028779396787
10,2048,2048,2048,2,8,NCCL,4,1.454878930002451
15,2048,2048,2048,2,8,NCCL,4,1.4547246519941837
11,2048,2048,2048,2,8,NCCL,4,1.4548324680654332
4,2048,2048,2048,2,8,NCCL,4,1.4827019120566547
12,2048,2048,2048,2,8,NCCL,4,1.4545527239097282
7,2048,2048,2048,2,8,NCCL,4,1.4836410810239613
6,2048,2048,2048,2,8,NCCL,4,1.4841765059391037
0,2048,2048,2048,8,2,NCCL,4,1.1049242540029809
1,2048,2048,2048,8,2,NCCL,4,1.105045560048893
3,2048,2048,2048,8,2,NCCL,4,1.1043337689479813
2,2048,2048,2048,8,2,NCCL,4,1.1043541179969907
10,2048,2048,2048,8,2,NCCL,4,1.1016374769387767
13,2048,2048,2048,8,2,NCCL,4,1.108285260037519
15,2048,2048,2048,8,2,NCCL,4,1.1019590470241383
14,2048,2048,2048,8,2,NCCL,4,1.1018647049786523
11,2048,2048,2048,8,2,NCCL,4,1.101699029095471
12,2048,2048,2048,8,2,NCCL,4,1.1083305629435927
8,2048,2048,2048,8,2,NCCL,4,1.1039857839932665
9,2048,2048,2048,8,2,NCCL,4,1.1037805109517649
5,2048,2048,2048,8,2,NCCL,4,1.1029350770404562
7,2048,2048,2048,8,2,NCCL,4,1.1021471130661666
4,2048,2048,2048,8,2,NCCL,4,1.1029592650011182
6,2048,2048,2048,8,2,NCCL,4,1.10227409203071151
2,256,256,256,2,8,MPI,4,0.010188191081397235
15,256,256,256,2,8,MPI,4,0.018462375039234757
14,256,256,256,2,8,MPI,4,0.011204237001948059
13,256,256,256,2,8,MPI,4,0.010254128952510655
7,256,256,256,2,8,MPI,4,0.00857893202919513
6,256,256,256,2,8,MPI,4,0.008941430016420782
5,256,256,256,2,8,MPI,4,0.00997994001954794
1,256,256,256,2,8,MPI,4,1.3752202040050179
4,256,256,256,2,8,MPI,4,0.009880279074423015
8,256,256,256,2,8,MPI,4,1.3454041520599276
0,256,256,256,2,8,MPI,4,1.380566341103986
2,256,256,256,2,8,MPI,4,0.008428870001807809
3,256,256,256,2,8,MPI,4,0.009593321941792965
9,256,256,256,2,8,MPI,4,1.3445806819945574
10,256,256,256,2,8,MPI,4,0.600676893023774
11,256,256,256,2,8,MPI,4,0.6010373550234362
1,256,256,256,8,2,MPI,4,0.3169217889662832
2,256,256,256,8,2,MPI,4,0.9969850269844756
3,256,256,256,8,2,MPI,4,0.9970025989459828
0,256,256,256,8,2,MPI,4,0.3169681669678539
13,256,256,256,8,2,MPI,4,0.00490841397549957
6,256,256,256,8,2,MPI,4,0.19981728109996766
9,256,256,256,8,2,MPI,4,0.020298248040489852
4,256,256,256,8,2,MPI,4,0.5755435950122774
7,256,256,256,8,2,MPI,4,0.19972931104712188
14,256,256,256,8,2,MPI,4,0.004409130080603063
5,256,256,256,8,2,MPI,4,0.5755403339862823
10,256,256,256,8,2,MPI,4,0.006730231922119856
15,256,256,256,8,2,MPI,4,0.004385837004519999
8,256,256,256,8,2,MPI,4,0.020314509980380535
12,256,256,256,8,2,MPI,4,0.0048129919450730085
11,256,256,256,8,2,MPI,4,0.006686610984615982
5,256,256,256,1,16,MPI,4,0.0009272020542994142
7,256,256,256,1,16,MPI,4,0.0009020400466397405
4,256,256,256,1,16,MPI,4,0.0009182429639622569
2,256,256,256,1,16,MPI,4,0.0010167189175263047
6,256,256,256,1,16,MPI,4,0.0008976020617410541
3,256,256,256,1,16,MPI,4,0.0009320509852841496
12,256,256,256,1,16,MPI,4,0.0009315250208601356
14,256,256,256,1,16,MPI,4,0.0010133790783584118
11,256,256,256,1,16,MPI,4,0.0009041130542755127
10,256,256,256,1,16,MPI,4,0.0009270159061998129
0,256,256,256,1,16,MPI,4,0.0009513960685580969
1,256,256,256,1,16,MPI,4,0.0009383499855175614
15,256,256,256,1,16,MPI,4,0.0009396440582349896
13,256,256,256,1,16,MPI,4,0.0009869519853964448
8,256,256,256,1,16,MPI,4,0.0009863849263638258
9,256,256,256,1,16,MPI,4,0.0009841470746323466
0,256,256,256,16,1,MPI,4,1.9374330189311877
1,256,256,256,16,1,MPI,4,0.5961362060625106
2,256,256,256,16,1,MPI,4,1.9415439030854031
3,256,256,256,16,1,MPI,4,1.941098480951041
12,256,256,256,16,1,MPI,4,0.017919259960763156
15,256,256,256,16,1,MPI,4,0.01142975501716137
14,256,256,256,16,1,MPI,4,0.01140971400309354
13,256,256,256,16,1,MPI,4,0.011413922999054193
8,256,256,256,16,1,MPI,4,0.6012285919860005
5,256,256,256,16,1,MPI,4,1.3489513789536431
6,256,256,256,16,1,MPI,4,0.01148858095984906
7,256,256,256,16,1,MPI,4,0.008427699096500874
9,256,256,256,16,1,MPI,4,0.6012215160299093
4,256,256,256,16,1,MPI,4,0.01143917697481811
10,256,256,256,16,1,MPI,4,0.5999453390249982
11,256,256,256,16,1,MPI,4,0.5991222839802504
0,512,512,512,2,8,MPI,4,0.07186741498298943
3,512,512,512,2,8,MPI,4,0.6600845770444721
2,512,512,512,2,8,MPI,4,0.6606597530189902
1,512,512,512,2,8,MPI,4,0.6641811869340017
14,512,512,512,2,8,MPI,4,0.04102801193948835
6,512,512,512,2,8,MPI,4,0.0736446330556646
4,512,512,512,2,8,MPI,4,0.08304341696202755
12,512,512,512,2,8,MPI,4,0.044471077038906515
13,512,512,512,2,8,MPI,4,0.03881634399294853
5,512,512,512,2,8,MPI,4,0.07523780094925314
15,512,512,512,2,8,MPI,4,0.044261362054385245
7,512,512,512,2,8,MPI,4,0.07021821790840477
9,512,512,512,2,8,MPI,4,0.6325218620477244
11,512,512,512,2,8,MPI,4,0.6310085359727964
8,512,512,512,2,8,MPI,4,1.2244667100021616
10,512,512,512,2,8,MPI,4,1.7955288020893931
4,512,512,512,8,2,MPI,4,0.6277653209399432
6,512,512,512,8,2,MPI,4,0.4354055250296369
5,512,512,512,8,2,MPI,4,0.6278062090277672
7,512,512,512,8,2,MPI,4,0.435514559969306
0,512,512,512,8,2,MPI,4,0.5466299169929698
1,512,512,512,8,2,MPI,4,0.5465650520054623
3,512,512,512,8,2,MPI,4,1.1629677410237491
9,512,512,512,8,2,MPI,4,0.05698825407307595
2,512,512,512,8,2,MPI,4,1.1630103709176183
11,512,512,512,8,2,MPI,4,0.05226869392208755
8,512,512,512,8,2,MPI,4,0.05703771801199764
12,512,512,512,8,2,MPI,4,0.23328959697391838
10,512,512,512,8,2,MPI,4,0.05240949394647032
13,512,512,512,8,2,MPI,4,0.23329897795338184
14,512,512,512,8,2,MPI,4,0.23097944597247988
15,512,512,512,8,2,MPI,4,0.2310041170567274
1,512,512,512,1,16,MPI,4,0.0066890770103782415
15,512,512,512,1,16,MPI,4,0.006581734982319176
14,512,512,512,1,16,MPI,4,0.006799059920012951
13,512,512,512,1,16,MPI,4,0.006636766018345952
12,512,512,512,1,16,MPI,4,0.006527104997076094
3,512,512,512,1,16,MPI,4,0.006696498021483421
2,512,512,512,1,16,MPI,4,0.006843626033514738
0,512,512,512,1,16,MPI,4,0.006560339010320604
10,512,512,512,1,16,MPI,4,0.006679686950519681
8,512,512,512,1,16,MPI,4,0.006642108084633946
7,512,512,512,1,16,MPI,4,0.006527183926664293
5,512,512,512,1,16,MPI,4,0.006536967004649341
6,512,512,512,1,16,MPI,4,0.006490806001238525
4,512,512,512,1,16,MPI,4,0.006432136986404657
9,512,512,512,1,16,MPI,4,0.00653333798982203
11,512,512,512,1,16,MPI,4,0.006620300933718681
2,512,512,512,16,1,MPI,4,3.327614165027626
0,512,512,512,16,1,MPI,4,3.323283778037876
3,512,512,512,16,1,MPI,4,2.7297728039557114
1,512,512,512,16,1,MPI,4,3.3278231769800186
5,512,512,512,16,1,MPI,4,2.142217554966919
4,512,512,512,16,1,MPI,4,0.049068802036345005
6,512,512,512,16,1,MPI,4,0.049144222983159125
7,512,512,512,16,1,MPI,4,1.5413332809694111
13,512,512,512,16,1,MPI,4,0.05106468207668513
14,512,512,512,16,1,MPI,4,0.0510157699463889
8,512,512,512,16,1,MPI,4,0.6365176890976727
12,512,512,512,16,1,MPI,4,0.0497279919218272
9,512,512,512,16,1,MPI,4,0.6384887609165162
11,512,512,512,16,1,MPI,4,0.050041423994116485
10,512,512,512,16,1,MPI,4,0.05577583808917552
15,512,512,512,16,1,MPI,4,0.04879634303506464
7,1024,1024,1024,2,8,MPI,4,0.49911916302517056
0,1024,1024,1024,2,8,MPI,4,1.8297737200045958
2,1024,1024,1024,2,8,MPI,4,0.6567873979220167
3,1024,1024,1024,2,8,MPI,4,0.9661107059800997
5,1024,1024,1024,2,8,MPI,4,0.6375279119238257
4,1024,1024,1024,2,8,MPI,4,0.6506881939712912
1,1024,1024,1024,2,8,MPI,4,1.0610646029235795
13,1024,1024,1024,2,8,MPI,4,0.6297428639372811
15,1024,1024,1024,2,8,MPI,4,0.6120791400317103
6,1024,1024,1024,2,8,MPI,4,0.7026368649676442
11,1024,1024,1024,2,8,MPI,4,1.1424119410803542
14,1024,1024,1024,2,8,MPI,4,0.6289913060609251
9,1024,1024,1024,2,8,MPI,4,1.1855083629488945
12,1024,1024,1024,2,8,MPI,4,0.6582496860064566
10,1024,1024,1024,2,8,MPI,4,1.1894003269262612
8,1024,1024,1024,2,8,MPI,4,1.8949266610434279
3,1024,1024,1024,8,2,MPI,4,0.9136952949920669
2,1024,1024,1024,8,2,MPI,4,0.9137182820122689
0,1024,1024,1024,8,2,MPI,4,0.7390475650317967
1,1024,1024,1024,8,2,MPI,4,0.738992233062163
9,1024,1024,1024,8,2,MPI,4,0.6578592059668154
11,1024,1024,1024,8,2,MPI,4,0.5427707809722051
8,1024,1024,1024,8,2,MPI,4,0.65791927697137
10,1024,1024,1024,8,2,MPI,4,0.5428028990281746
14,1024,1024,1024,8,2,MPI,4,0.5592137480853125
7,1024,1024,1024,8,2,MPI,4,0.6511534439632669
6,1024,1024,1024,8,2,MPI,4,0.6512727820081636
5,1024,1024,1024,8,2,MPI,4,0.5938132170122117
4,1024,1024,1024,8,2,MPI,4,0.5938424159539863
15,1024,1024,1024,8,2,MPI,4,0.5593328750692308
12,1024,1024,1024,8,2,MPI,4,0.5288237989880145
13,1024,1024,1024,8,2,MPI,4,0.5287155020050704
4,1024,1024,1024,1,16,MPI,4,0.054435908095911145
7,1024,1024,1024,1,16,MPI,4,0.05453354795463383
5,1024,1024,1024,1,16,MPI,4,0.05441745207644999
6,1024,1024,1024,1,16,MPI,4,0.05456889804918319
0,1024,1024,1024,1,16,MPI,4,0.05428568401839584
14,1024,1024,1024,1,16,MPI,4,0.05435357801616192
12,1024,1024,1024,1,16,MPI,4,0.054533333983272314
2,1024,1024,1024,1,16,MPI,4,0.05448080901987851
15,1024,1024,1024,1,16,MPI,4,0.05439961689990014
13,1024,1024,1024,1,16,MPI,4,0.05453267297707498
1,1024,1024,1024,1,16,MPI,4,0.05452073796186596
10,1024,1024,1024,1,16,MPI,4,0.05436964996624738
3,1024,1024,1024,1,16,MPI,4,0.054300116025842726
11,1024,1024,1024,1,16,MPI,4,0.054435100057162344
9,1024,1024,1024,1,16,MPI,4,0.05447596893645823
8,1024,1024,1024,1,16,MPI,4,0.05462716706097126
11,1024,1024,1024,16,1,MPI,4,0.4060636510839686
10,1024,1024,1024,16,1,MPI,4,0.49790789594408125
8,1024,1024,1024,16,1,MPI,4,0.5322353889932856
1,1024,1024,1024,16,1,MPI,4,1.368104771943763
0,1024,1024,1024,16,1,MPI,4,0.9221296169562265
13,1024,1024,1024,16,1,MPI,4,0.5375381390331313
15,1024,1024,1024,16,1,MPI,4,0.5547177629778162
14,1024,1024,1024,16,1,MPI,4,0.5701773379696533
12,1024,1024,1024,16,1,MPI,4,0.5879894170211628
4,1024,1024,1024,16,1,MPI,4,1.0093866749666631
7,1024,1024,1024,16,1,MPI,4,0.680543014081195
5,1024,1024,1024,16,1,MPI,4,0.9851328029762954
6,1024,1024,1024,16,1,MPI,4,0.6746908660279587
9,1024,1024,1024,16,1,MPI,4,0.7044935009907931
3,1024,1024,1024,16,1,MPI,4,2.2693290290189907
2,1024,1024,1024,16,1,MPI,4,1.6403987429803237
9,2048,2048,2048,2,8,MPI,4,3.8418903190176934
11,2048,2048,2048,2,8,MPI,4,4.230113546014763
1,2048,2048,2048,2,8,MPI,4,4.409075883100741
4,2048,2048,2048,2,8,MPI,4,4.053685856983066
5,2048,2048,2048,2,8,MPI,4,5.785629470949061
0,2048,2048,2048,2,8,MPI,4,5.070483638904989
6,2048,2048,2048,2,8,MPI,4,5.1024231649935246
13,2048,2048,2048,2,8,MPI,4,4.577867239015177
3,2048,2048,2048,2,8,MPI,4,4.606928020017222
2,2048,2048,2048,2,8,MPI,4,5.090144574060105
12,2048,2048,2048,2,8,MPI,4,4.9601942610461265
7,2048,2048,2048,2,8,MPI,4,5.176160512026399
14,2048,2048,2048,2,8,MPI,4,4.968962777056731
8,2048,2048,2048,2,8,MPI,4,4.924135405104607
10,2048,2048,2048,2,8,MPI,4,4.928878562990576
15,2048,2048,2048,2,8,MPI,4,5.054102561087348
1,2048,2048,2048,8,2,MPI,4,4.024095035973005
0,2048,2048,2048,8,2,MPI,4,4.024156674975529
4,2048,2048,2048,8,2,MPI,4,4.6881664709653705
5,2048,2048,2048,8,2,MPI,4,4.688140833051875
3,2048,2048,2048,8,2,MPI,4,4.438894761959091
2,2048,2048,2048,8,2,MPI,4,4.438873898936436
11,2048,2048,2048,8,2,MPI,4,4.525088384980336
10,2048,2048,2048,8,2,MPI,4,4.525085560977459
7,2048,2048,2048,8,2,MPI,4,4.572536625084467
6,2048,2048,2048,8,2,MPI,4,4.572536332067102
12,2048,2048,2048,8,2,MPI,4,4.753296765964478
13,2048,2048,2048,8,2,MPI,4,4.75326125905849
15,2048,2048,2048,8,2,MPI,4,5.20694917300716
14,2048,2048,2048,8,2,MPI,4,5.206823949003592
9,2048,2048,2048,8,2,MPI,4,4.528591684997082
8,2048,2048,2048,8,2,MPI,4,4.5285262720426545
